N,mean_ratio,std_ratio,cv,min_ratio,max_ratio,n_seeds
100,55926.98531883004,63228.856215659835,1.130560781261552,4013.9027457244797,276792.53279779543,20
250,113061.88580486164,61033.45729801941,0.5398234503478889,10449.870505278832,255607.26875897913,20
500,95454.46884587265,52932.56117670311,0.5545320383288881,20590.963782635583,245435.37213844722,20
750,95685.44043900662,62148.68478209449,0.6495103591199992,22260.745682406297,332508.2289397413,20
1000,99694.47681273668,48577.135052173675,0.4872600429351729,44964.08687899961,292066.62926606194,20
1500,89948.08126051557,27467.711622843428,0.3053729577987219,50614.15558785657,171984.87160326386,20
2000,92640.10436863356,23277.982870568878,0.2512732798523317,53207.01338406096,142815.46872350073,20
3000,89236.80649025182,18920.653645811697,0.21202746254572186,63699.40194902294,123915.14616754415,20
