Timestamp,Engagement_Index,Geodesic_to_Ref,Geodesic_to_Running,Noise_Att_dB,Signal_Integrity,SQI
800906.191682,0.0064,0.32067775758835365,0.3174709800124703,-0.1,0.731,0.9975307473678626
800906.3927065,0.0128,0.3282254363980586,0.32184369264262375,-0.11,0.722,0.9974574581927269
800906.5917501,0.0183,0.3291880984001662,0.3200370075071399,0.54,0.731,0.9968174685603701
800906.7916544,0.0263,0.4534081447188501,0.4402651113452036,0.38,0.74,0.9970309262615732
800906.9913764,0.0308,0.3916765937653704,0.37628409141319596,0.69,0.711,0.9973642481348585
800907.1919417,0.0364,0.3432241651178185,0.3250080964348626,0.73,0.705,0.9977629647042305
800907.3919789,0.0408,0.37855202808805133,0.3581602738545432,0.35,0.711,0.9982993636721368
800907.5920169,0.0408,0.3266243870067842,0.3062237555472857,0.65,0.722,0.9980805684631375
800907.7919502,0.0469,0.34045003554728126,0.3170039301617994,0.15,0.701,0.998145160180811
800907.9920199,0.0363,0.3137701192899398,0.29559650862248565,-0.09,0.658,0.9981438348543723
800908.1919822,0.0372,0.3928366560725407,0.3742599269379555,0.37,0.605,0.99819740885316
800908.3918687,0.0306,0.46058487458819436,0.4452642037315952,0.11,0.585,0.9984084764061749
800908.5919675,0.0253,0.4787374951778586,0.466089724457927,0.84,0.609,0.9978179580080999
800908.7919528,0.0278,0.4809239053963364,0.4670071801591946,1.27,0.565,0.9976690742146334
800908.9920226,0.0313,0.48204208271361315,0.46641362412028303,0.76,0.547,0.9975193762873203
800909.1917948,0.0425,0.48041019128333706,0.45917117578484407,1.25,0.508,0.9973141252172162
800909.3913779,0.0386,0.49237682975345637,0.47305994137398655,0.69,0.499,0.9974294173931005
800909.5919537,0.0485,0.4827153412003075,0.4584855043069779,0.18,0.509,0.9969214948504647
800909.7921626,0.0625,0.48584832331094274,0.4546043110770875,0.6,0.523,0.9970429128366167
800909.9921409,0.0665,0.44003024112598244,0.40677223701957865,0.31,0.607,0.9968519821799556
800910.1919681,0.068,0.4444590265307967,0.41047838987325863,-0.15,0.633,0.997071207268785
800910.3917752,0.0517,0.4137958859744501,0.3879538942803315,0.5,0.632,0.9961863466588391
800910.5929796,0.0592,0.61327381961848,0.5836640437265197,0.15,0.573,0.9950546746212131
800910.7922235,0.0601,0.59086692278861,0.5608022301527363,-0.0,0.583,0.9958078894599248
800910.9920277,0.0496,0.5368907117769328,0.5120869692099486,0.48,0.622,0.9948374882157202
800911.1913257,0.054,0.548343555190335,0.5213436815082028,0.51,0.65,0.9959726134965818
800911.3915078,0.0695,0.5447339378229678,0.5099756353378975,1.13,0.615,0.9960618222423158
800911.5919656,0.0803,0.48119915071257924,0.4410528825007857,0.47,0.615,0.9955915892930662
800911.7916266,0.0791,0.49921997751868646,0.4596455253371341,0.01,0.6,0.9968187132295968
800911.9915048,0.0797,0.5038398757546966,0.46399038346839594,0.7,0.517,0.996635482370547
800912.1917636,0.0549,0.4963001984471679,0.4688459568587181,0.13,0.5,0.9975356623148363
800912.3916632,0.0287,0.41204344453868896,0.3977150554788222,0.43,0.507,0.9980290539103601
800912.591964,0.0196,0.3755791085186318,0.36577481959362595,1.43,0.539,0.9978237991149659
800912.7915325,0.0245,0.4485965884644073,0.43636287047087075,1.43,0.555,0.9980263923297108
800912.9913652,0.0419,0.4395242956724616,0.41856741713369633,1.09,0.52,0.9978068990580479
800913.1914686,0.0459,0.46328096711625105,0.4403475840615235,1.23,0.53,0.9975295794148292
800913.3918716,0.0536,0.5428547651671629,0.5160452711454431,0.42,0.557,0.9970836256515028
800913.5919749,0.0756,0.6175178880093966,0.5797303872322056,0.03,0.538,0.9958479157423702
800913.791866,0.0764,0.5902202920149059,0.5520421884868668,-0.57,0.576,0.9961036712185158
800913.9920272,0.0998,0.6911138984273538,0.6411998808740973,-0.33,0.629,0.9956621753371557
800914.1919879,0.1114,0.5911400762448593,0.5354391848328922,0.18,0.634,0.9954312100454341
800914.3920407,0.135,0.5255171650238705,0.45802290357127573,-0.09,0.643,0.9956071763179248
800914.5914654,0.1302,0.5509199509532223,0.48582882074464784,0.37,0.654,0.9956416821363198
800914.7919978,0.1573,0.6267467007309337,0.5481191292315294,0.5,0.63,0.9962014600639741
800914.9924428,0.1591,0.5633406726062827,0.4838082355193727,0.67,0.618,0.9971388400781205
800915.1920035,0.1774,0.45644253956590414,0.3677434745577886,0.17,0.604,0.9974933633222945
800915.3920014,0.1847,0.5118716500518284,0.41950629334681916,0.63,0.576,0.997339386441063
800915.5915222,0.1908,0.466670241757307,0.3712884620754465,0.76,0.572,0.997199368816603
800915.7917195,0.1892,0.5463099360691236,0.4516917081590143,0.25,0.562,0.9969563900880665
800915.9931094,0.1472,0.46407695765258916,0.3904578853132936,-0.47,0.631,0.9964371571103121
800916.1923396,0.1401,0.6455761438531658,0.5755045302152925,0.89,0.641,0.9964238690535724
800916.3919629,0.032,0.893929665636871,0.8779453163579,0.33,0.75,0.9969737492117156
800916.5917331,0.0313,1.1157254592337846,1.1000735315166394,-0.39,0.751,0.9971511895563582
800916.7924875,0.0507,1.3383056421177006,1.3129562243439241,0.58,0.771,0.9978661706515211
800916.9915227,0.0832,1.5876505799112057,1.546030805663844,0.39,0.805,0.9979923043946989
800917.1921448,0.1066,1.715050992244316,1.6617541917613756,0.23,0.794,0.9980280691863171
800917.3920542,0.1292,1.7889031722948154,1.7243174149220213,-0.11,0.789,0.9983661829886838
800917.5921423,0.1678,1.9446550493029102,1.8607588227841783,0.13,0.789,0.9982584626132069
800917.791949,0.2035,2.1271002685121205,2.0253262022082654,0.19,0.798,0.9979001666892637
800917.9929316,0.245,2.265309888482333,2.1428236010454773,0.17,0.798,0.9975103221150541
800918.1920188,0.2861,2.2902340856926884,2.1471984381914155,0.15,0.8,0.9971451109343388
800918.3920399,0.3451,2.211961104148436,2.039435693098097,0.35,0.768,0.9971265620381584
800918.5918091,0.3818,2.1932963104524856,2.0024126569253755,0.23,0.766,0.9967444182434111
800918.791984,0.4221,2.1347545742697887,1.9237157940613272,0.22,0.747,0.9969806883058007
800918.9919202,0.451,1.9817553689547456,1.75624879772265,0.22,0.66,0.9969487813126642
800919.1918386,0.4908,1.9776706912763509,1.732281548221131,0.04,0.674,0.9970261784245678
800919.3921476,0.5232,1.958201204477772,1.6966199207236747,0.25,0.637,0.9981076791111874
800919.5916951,0.5518,1.8257151178058013,1.549818593347573,0.5,0.62,0.9980241985056709
800919.7920769,0.574,1.5944478941782674,1.307460130715912,0.45,0.605,0.9979463369524698
800919.9919731,0.6027,1.354784154140711,1.0534262788159827,0.29,0.567,0.9981601419504846
800920.1918132,0.6245,1.3153495424710644,1.0031212238342477,0.5,0.554,0.9980694059613437
800920.3915558,0.6321,1.1458160173399474,0.8297677388294169,0.24,0.563,0.9977601321961264
800920.5915558,0.6575,1.17479516151349,0.8460689252795353,-0.4,0.56,0.9977675826784791
800920.7920013,0.6712,1.2457000855922737,0.9101240911478314,-0.33,0.526,0.9973984371659561
800920.9916812,0.6986,1.321384781614726,0.9720860795114593,0.03,0.668,0.996600557737699
800921.192448,0.7178,1.217943723753487,0.8590447878982495,0.07,0.631,0.9967305062082151
800921.3922713,0.7473,1.3879989520876956,1.014330290775095,0.29,0.619,0.996588146123337
800921.5925013,0.7651,1.3843113921024226,1.001766376751776,0.72,0.663,0.996545770528957
800921.7916772,0.7812,1.5060644191651975,1.1154455143043127,0.48,0.682,0.9975052738589585
800921.9930745,0.7976,1.5319356208761414,1.1331127296213575,0.05,0.678,0.9975715129942713
800922.1921748,0.8147,1.5434914035080745,1.1361516002607945,0.22,0.67,0.9975296538217785
800922.3920976,0.8133,1.5620145696374539,1.1553787905778579,-0.24,0.7,0.9977793035427569
800922.592026,0.856,1.4483156939717685,1.0203208222635962,-0.16,0.67,0.9978893272705207
800922.7918097,0.863,1.341537265962054,0.9100170295681477,0.15,0.702,0.9980366463774554
800922.9921561,0.8953,1.3730017848151945,0.9253626050336986,-0.12,0.736,0.9977587553437431
800923.1914454,0.8963,1.6707696589059837,1.2226051040221073,0.04,0.776,0.9979451596874427
800923.3917338,0.9163,1.6370473993589774,1.1789200134700653,0.18,0.82,0.998348125763346
800923.5914376,0.9418,1.726670100342391,1.2557843224670626,0.43,0.818,0.9982474619269097
800923.7916325,0.9714,1.7637351149120513,1.2780181969210922,0.18,0.764,0.9982294293536957
800923.9915756,0.993,1.7209449056316886,1.2244272258473787,0.15,0.762,0.998309264530747
800924.1915879,1.0141,1.7170216609469497,1.209963738766067,0.23,0.774,0.9981619943743603
800924.3917779,1.0548,1.725900145404454,1.1984833050700707,0.24,0.752,0.9983436459176449
800924.5917784,1.0639,1.8966048169876768,1.3646569563460025,0.04,0.769,0.9984140930241521
800924.79174,1.0971,1.966098283836664,1.4175716387735209,0.04,0.786,0.9976658802866314
800924.9921624,1.1322,1.8745562909357492,1.3084752055425133,0.13,0.752,0.9973226524831331
800925.1918449,1.1525,1.654016253204152,1.0777584746166458,0.1,0.737,0.9977463671674991
800925.3914267,1.171,1.5221533634002313,0.9366760396419346,0.11,0.766,0.9976884049900775
800925.5917147,1.1757,1.4400454407799579,0.8522002174988104,0.16,0.802,0.9980566821418624
800925.792074,1.1838,1.2474377900766094,0.6555181198673125,0.27,0.77,0.9979143688969494
800925.9922059,1.1791,1.2434490495650625,0.6538859320315233,0.22,0.739,0.9977454342001485
800926.1925003,1.1527,1.2837663474692829,0.7073938383314149,0.04,0.746,0.9977367965332271
800926.3916595,1.17,1.19569491262854,0.6106815156022329,0.14,0.73,0.9981880748331017
800926.5921231,1.0564,0.8990410706215717,0.3708634218516894,0.56,0.699,0.998031277923705
800926.7917844,0.7491,0.6959153599936375,0.32138886659555316,0.34,0.706,0.9975120133785649
800926.9919496,0.9023,0.7658618608802499,0.3147161898104449,0.07,0.734,0.9975931209200533
800927.1916248,0.8193,0.7236193435731688,0.3139824715110479,0.19,0.721,0.9966838941823501
800927.3920966,0.8817,0.7391301759058059,0.2982727311375917,-0.19,0.703,0.9973663192007224
800927.5914973,0.7321,0.788307140180979,0.4222763876463804,-0.43,0.695,0.9975996304513353
800927.7924458,0.8084,0.8270888953595796,0.42287280922831194,-0.03,0.716,0.996589745582265
800927.9920311,0.8796,0.9466763976679524,0.5068747369393384,0.03,0.753,0.9971648906923823
800928.1920035,0.6974,1.0771941003349237,0.7285129443942769,0.11,0.754,0.9967752198780976
800928.3919557,0.6949,1.038287652694857,0.6908322418577828,0.34,0.746,0.9965950937419923
800928.5914867,0.669,0.9559899547432646,0.6215114497567855,0.26,0.733,0.9970575967384605
800928.7932927,0.7596,0.8525381409024282,0.4727404625432667,0.16,0.703,0.9970661935032754
800928.9919428,0.5439,0.7186088045694476,0.4466389620314166,0.44,0.699,0.9975602396923805
800929.1919987,0.2835,0.6758606106549236,0.5340927895204872,0.63,0.686,0.9974472774883616
800929.3930187,0.1769,0.7620362942805589,0.6735861803165692,0.6,0.687,0.9975829880921473
800929.5919514,0.2465,0.7803657445100215,0.6571156230814149,0.55,0.691,0.9974743625743243
800929.791926,0.7146,0.9059972204185555,0.5486810755289034,0.35,0.709,0.9969565860268367
800929.9922662,0.8118,0.8958975918647203,0.4900211761149022,0.7,0.695,0.9972835729780303
800930.1921862,0.8067,0.8696971833985644,0.46634400175618407,-0.16,0.691,0.9970479213271207
800930.391373,1.1216,0.982090564790952,0.42126769405880726,0.29,0.753,0.996956672470192
800930.5921622,1.16,1.0937613566941888,0.5137765908352306,0.1,0.758,0.9975544739498647
800930.7916932,1.2562,1.2192435122553988,0.5911513559927116,0.13,0.789,0.9976465409890882
800930.9917149,1.2721,1.3154959470598762,0.6794553216565129,0.15,0.783,0.9973798878348756
800931.192051,1.2894,1.3828021503608918,0.738088178485205,0.12,0.796,0.9978031706473327
800931.3914342,1.2919,1.4416093612218948,0.7956393284956883,-0.13,0.803,0.9977743183077622
800931.5925589,1.3063,1.4167968401448128,0.7636708305631356,0.22,0.819,0.9973156346907861
800931.7920822,1.3233,1.3701712026730966,0.7085237284024577,0.0,0.836,0.9978717994319964
800931.9919659,1.3587,1.449500308432203,0.7701305107323226,-0.03,0.855,0.9965964258223
800932.1914614,1.3822,1.4935274226959625,0.8024509373734399,0.11,0.767,0.996597141922201
800932.391748,1.378,1.4734723515985737,0.7844637918717098,-0.0,0.712,0.996993120621531
800932.5919808,1.3859,1.4514966483466938,0.7585345328283476,0.21,0.713,0.9958805981137351
800932.7919766,1.4072,1.3757693637001844,0.6721623947261874,0.56,0.715,0.9968110184300601
800932.9914624,1.3954,1.3958484363630443,0.6981417439604234,0.46,0.726,0.9974521752454425
800933.1919571,1.4235,1.3517072225018036,0.6399808831992451,0.6,0.727,0.9973231481098739
800933.3917908,1.4311,1.3049605083563347,0.5893869528595583,0.55,0.722,0.9975346598320147
800933.5919531,1.4378,1.4203788052332067,0.7014809755282464,0.36,0.699,0.9978604366624189
800933.7920903,1.3855,1.5006365704473772,0.8078816622423524,-0.18,0.7,0.9976422799332881
800933.9919841,1.3852,1.4058006905807297,0.7131921766484094,0.07,0.655,0.9981143598696626
800934.1919529,1.4141,1.6407249567708397,0.9336970809664149,0.05,0.764,0.9986344721129906
800934.3919751,1.4689,1.8350970854607762,1.1006295268515405,0.06,0.801,0.9984750683075612
800934.592108,1.4953,1.9278835938271888,1.180237362754741,0.34,0.814,0.9985811273985192
800934.7920401,1.5047,1.9538050702032541,1.2014361719826547,-0.07,0.822,0.9986181513601664
800934.9918503,1.4828,2.012345242161219,1.2709651496490122,0.15,0.828,0.9985594475549723
800935.1920352,1.5109,2.2142160810902314,1.4587494217539116,0.05,0.854,0.9986438303292134
800935.391767,1.5307,2.350449968883296,1.5851053183274921,0.09,0.863,0.9987762041172275
800935.5920552,1.5239,2.3653917640505986,1.6034590137223828,0.08,0.866,0.9989056687287614
800935.7921353,1.5665,2.26512889274725,1.481888950614145,0.11,0.874,0.9987916646457897
800935.9920059,1.594,2.224211231844565,1.427217868248125,0.12,0.874,0.998867913813532
800936.1919042,1.6173,2.03037090098762,1.2217368634631858,0.06,0.842,0.9989353181028293
800936.3919243,1.5842,1.8202220242728804,1.0281176675975034,0.04,0.818,0.9987330390436538
800936.591851,1.5835,1.7167555071907645,0.924984501065173,-0.12,0.812,0.9986494397816184
800936.7919624,1.6811,1.679912101623889,0.8393658553006436,0.14,0.806,0.9986230657011929
800936.9919625,1.7502,1.7367421013763862,0.8616298120008758,0.03,0.814,0.9978976881245893
800937.1918741,1.7445,1.5456203117970444,0.6733698240052944,0.05,0.789,0.9973774223304971
800937.3918173,1.6267,1.364411726939939,0.5510615420332845,0.11,0.756,0.9977414361578653
800937.5920075,1.6569,1.3481445774757397,0.5196887780450842,0.23,0.725,0.9973686230664374
800937.7919859,1.7053,1.3275635387858125,0.474889210299952,0.14,0.711,0.9979968635921359
800937.9917291,1.7322,1.3304479816092922,0.4643480692803274,0.17,0.684,0.9977111299644617
800938.1920183,1.7555,1.301423294502185,0.4236669671288083,0.53,0.723,0.9970164016636344
800938.3922059,1.7725,1.34160148044966,0.4553394152606791,0.12,0.73,0.9977843054817491
800938.5919738,1.8266,1.4311333157554205,0.5178485074563646,0.51,0.757,0.9974088499367176
800938.7919806,1.7952,1.4967813618046644,0.5992040937200435,0.44,0.782,0.9978505261271563
800938.9919983,1.732,1.5264663924571065,0.6604817525903843,-0.24,0.793,0.9980632423166754
800939.191926,1.7093,1.6030456884683886,0.7484018187005466,0.27,0.799,0.9975477178467173
800939.3925083,1.8081,1.5267281421222922,0.6226694983943776,-0.18,0.814,0.9982206913360957
800939.5919403,1.7978,1.5187013661995372,0.6198094055048851,0.02,0.84,0.9986324008277366
800939.7919432,1.7927,1.5804808087775488,0.6841464180382001,0.15,0.855,0.9985150613631893
800939.991984,1.8241,1.623568203029437,0.7115030112547218,-0.0,0.873,0.9988026522605787
800940.1917412,1.8528,1.6337604495986249,0.707351230627264,0.03,0.861,0.9986066257535173
800940.3928696,1.8586,1.6714252690232096,0.742128790703961,0.07,0.867,0.9983766005367528
800940.5914418,1.8732,1.543617803964354,0.6070123764185039,-0.17,0.837,0.9985479620371687
800940.7918077,1.8179,1.410729278160572,0.5017627441401256,0.1,0.821,0.9987052606761975
800940.9917877,1.634,1.159636867923245,0.3426593442452514,0.4,0.792,0.9983905641156466
800941.1919184,1.086,1.0098333473959928,0.46681441584683436,0.49,0.76,0.9978175200343722
800941.3919518,1.1267,1.0262683988540922,0.4629233240820124,0.45,0.714,0.9982300043406425
800941.5919367,1.1652,1.0906751755983604,0.5080876275518589,0.43,0.688,0.9979028922893332
800941.7918003,1.3293,1.1816326288769203,0.5169955467546831,0.51,0.68,0.9983137598810068
800941.9918075,1.5251,1.3179386491790297,0.555380475557183,0.6,0.672,0.9980483933931612
800942.1917123,1.7073,1.373213720023335,0.5195868515629819,0.09,0.676,0.9974966411928564
800942.3914772,1.6815,1.348823157094317,0.5080701106985249,0.06,0.669,0.9974424907609264
800942.5919451,1.6467,1.503842494525711,0.6804786990975822,0.47,0.689,0.9978202616513052
800942.7917978,1.6782,1.619498098260416,0.7804044768308047,0.38,0.67,0.9980791420689031
800942.9915416,1.7484,1.612375440774071,0.7381854569726631,0.37,0.646,0.9975942799786508
800943.1919562,1.7921,1.6334500285843856,0.7373787141405048,0.33,0.643,0.9973666814541486
800943.3913963,1.8191,1.637518176932502,0.7279716947177022,0.77,0.675,0.9968296695184964
800943.5919185,2.0056,1.657158268912501,0.6543578135838596,0.66,0.725,0.9967516459536507
800943.7925475,2.0382,1.6986451701956393,0.6795205006022962,0.31,0.728,0.9971035868409875
800943.9927327,2.0859,1.7562394383034452,0.7132838413308135,0.2,0.747,0.9976942681074201
800944.191963,2.0957,1.7340621771071352,0.6862267432824258,0.19,0.753,0.9974904969828104
800944.3920273,2.098,1.7903751351861412,0.7413883138419273,0.21,0.748,0.9975811163276685
800944.5915293,2.1226,2.0157155543191894,0.9544275158745947,-0.03,0.809,0.9976333461724544
800944.7924636,2.1409,2.0963710029173894,1.0259263854198,0.14,0.817,0.997831488225748
800944.9914409,2.1603,2.0784462781086694,0.9982838078162735,0.02,0.842,0.9983418301258957
800945.1919561,2.1866,2.0725762872666302,0.9792515975636963,0.02,0.85,0.9977184700380168
800945.3919499,2.2086,2.096248762484206,0.9919370138930984,0.11,0.86,0.9976033149559557
800945.5918754,2.1977,2.015548709515899,0.9166973824505553,-0.05,0.804,0.9972281594781607
800945.7927845,2.2381,2.0280126597869756,0.9089549104421718,-0.05,0.791,0.9963275638066926
800945.9922984,2.2687,2.010549958607858,0.8762199050389523,0.04,0.77,0.9973324392747022
800946.1916618,2.2714,2.0051251365046108,0.8694377387773873,-0.0,0.798,0.9974344500976454
800946.3920683,2.2405,1.9476516603776406,0.8273949283684806,0.91,0.806,0.9972509277234376
800946.5921004,2.2464,1.5701394620419409,0.4469338903567356,0.71,0.763,0.997850895171393
800946.7933698,2.1639,1.3085889105209842,0.2266278517937433,0.2,0.754,0.9982453949080362
800946.9920913,2.1109,1.3138826478483077,0.25841874421625116,0.3,0.765,0.9978535570035744
800947.1915647,1.9933,1.2500021897374414,0.25336908451260337,0.05,0.755,0.9980700354265759
800947.3918007,1.7921,1.1778229548114187,0.2817623923168379,-0.39,0.704,0.9981101120252658
800947.5915931,1.5865,1.1419576737424841,0.3486880777420265,-0.1,0.726,0.9976289209701366
800947.7930295,0.3664,0.7661453885636365,0.5829509422181702,0.25,0.708,0.9973750996355963
800947.9919664,-1.6425,0.4061377836106261,1.2273835390615904,0.65,0.641,0.9972873473314852
800948.191503,-2.0339,0.4474047606671061,1.4643342934167518,0.73,0.575,0.9965963169042438
800948.3914857,-2.0571,0.41915671690205675,1.4477140725029751,0.5,0.579,0.9962368307829422
800948.5916752,-1.9613,0.4357066289212915,1.4163492360363568,0.65,0.58,0.9968712179571299
800948.791787,-1.8702,0.4462576505083343,1.3813737639825265,0.18,0.607,0.9958590691232022
800948.9915289,-1.7971,0.41324510655620567,1.3117856857143848,0.02,0.625,0.9968091610993901
800949.1915606,-1.8844,0.34287663505624666,1.2850583245378424,-0.33,0.617,0.9975786110232159
800949.3920816,-1.7122,0.32951401315276485,1.1855944757794858,0.32,0.684,0.9973856964853992
800949.5915908,-1.8489,0.2924638530958125,1.2168946435576335,0.13,0.677,0.9979531892599168
800949.791667,-1.8537,0.2761877314028306,1.2030433760375119,-0.08,0.675,0.9975642595217311
800949.9916077,-1.5605,0.33558351191587876,1.115814866296494,0.21,0.703,0.997664134451351
800950.1913749,-1.5206,0.33893218455753704,1.099215684179265,-0.02,0.719,0.9982929330387026
800950.3917397,-1.2133,0.4363510981487526,1.0429810422257535,-0.01,0.751,0.9978498533172033
800950.5913281,-1.2415,0.411989108326681,1.0327386218497316,0.19,0.75,0.997533180692476
800950.7917106,-1.406,0.3323117382356078,1.0352951466922924,0.03,0.742,0.9980023025710072
800950.9915304,-1.5557,0.256050624682248,1.0339200688707078,0.06,0.718,0.9974890762004364
800951.1915503,-1.5029,0.25544282214138264,1.006889940274404,0.42,0.75,0.9979957700233076
800951.3916589,-1.4698,0.4341303324165566,1.16902023503028,0.13,0.731,0.9981741539786423
800951.592602,-1.4694,0.37145976216820753,1.1061601575771933,0.19,0.704,0.9974338033333315
800951.7917864,-1.4143,0.3704839226190501,1.0776497369902136,0.26,0.72,0.9982719507095278
800951.9921025,-1.4943,0.38512600827177323,1.132278657162787,-0.07,0.725,0.9984217316201168
800952.1914947,-1.4016,0.2487610801198582,0.9495547350706334,0.32,0.646,0.9987646593801863
800952.3917509,-1.4395,0.3599439624533899,1.0797057364350955,0.58,0.589,0.9985073087356663
800952.5916285,-1.36,0.36316196064299106,1.0431464073663232,0.79,0.607,0.9981732604594509
800952.7919747,-1.2728,0.32624251693756406,0.9626423500304553,1.1,0.649,0.9980543726792985
800952.9915183,-1.2981,0.3132675848959388,0.9623143382112783,1.18,0.643,0.9982700930881643
800953.1914908,-1.2679,0.30430415825516405,0.9382461135628566,0.21,0.648,0.9986154744718135
800953.3918138,-0.9059,0.4057910467230057,0.8587245327661456,0.76,0.694,0.997752336545785
800953.5920785,-0.4649,0.5830528507546247,0.8154963620288561,0.33,0.679,0.9977626341485403
800953.7919104,-0.4762,0.4725884061172618,0.7107067158877696,-0.4,0.663,0.9981097066730302
800953.991626,-0.2748,0.563583864927862,0.7010081213986447,0.06,0.607,0.99796329079254
800954.1919731,-0.6371,0.4323689511082715,0.750939732643011,0.53,0.622,0.9984396699394176
800954.3918655,-0.2421,0.5359186428026145,0.6569593184892893,0.3,0.651,0.9986181842428625
800954.5922048,-0.1081,0.5790504953087435,0.6331041126297843,0.34,0.659,0.9980187561224548
800954.7919511,0.0826,0.5812380103421801,0.5399565697549952,1.07,0.647,0.9984755239831373
800954.991862,0.0397,0.5723328201797308,0.5524702683726834,0.21,0.659,0.9985293280870715
800955.1918801,0.1072,0.596480120706627,0.5428666008505777,0.15,0.662,0.9976188250433425
800955.3917504,0.2558,0.6175865990790897,0.48970656283762515,0.52,0.653,0.997404761707368
800955.592424,0.2163,0.5093528308929257,0.4012204080043415,0.1,0.684,0.9975137305025916
800955.7915691,0.3344,0.5754397759950862,0.40823282818253387,0.04,0.683,0.9974589356163104
800955.9928404,0.1255,0.5096135138241974,0.4468831560345397,0.4,0.753,0.9973463841408159
800956.1922892,0.3718,0.581016146904775,0.3951297166492211,0.07,0.785,0.9976963732145507
800956.3922045,0.0503,0.537159371240734,0.5120024358916059,0.13,0.772,0.9973919321797025
800956.5917638,0.0963,0.5107663285260494,0.4626379948772833,0.37,0.754,0.9981752837741783
800956.7913744,0.16,0.5580750419858622,0.47808324886227566,0.11,0.739,0.9985366553215863
800956.9915271,0.1866,0.5715586658131465,0.4782692604161208,0.52,0.73,0.9985207167684998
800957.1929429,0.4844,0.6293552564321723,0.3871737664780768,0.21,0.743,0.998743678996137
800957.3919977,0.8219,0.6454043610384669,0.23447451554641363,0.6,0.744,0.9981639714691566
800957.5919354,1.3097,0.8117187789226552,0.15687365577229756,-0.14,0.757,0.9984395848455322
800957.7917026,1.3018,0.8219678437323743,0.17104964769725692,0.19,0.774,0.9983370979281179
800957.9916116,1.2818,0.901781103698794,0.26086754679414115,0.23,0.785,0.9983310932970209
800958.192662,1.2917,1.0044820668274703,0.3586331027330565,-0.18,0.787,0.9983599369936984
800958.3919859,1.2767,1.0068027635465178,0.3684604481482616,0.08,0.772,0.998247789638579
800958.5917731,1.2366,1.013540724865253,0.39526346710769195,0.15,0.785,0.9982880677749162
800958.7920371,1.1316,0.9678104730890595,0.4020314708283621,0.18,0.786,0.9982724282412535
800958.9918178,1.3862,1.1959899829787293,0.5028756331364804,0.15,0.813,0.9981759577249592
800959.1929319,1.4778,1.3168214398997942,0.5779086833093836,0.04,0.8,0.9977430301045611
800959.392293,1.4161,1.2583464820934733,0.5502736144578257,-0.08,0.776,0.9976015758407549
800959.5922992,1.2574,1.128089076992487,0.49939164946072145,0.22,0.75,0.9972458428540503
800959.792008,1.2353,1.0851764076837056,0.4675485457345932,0.14,0.758,0.996981375192286
800959.9917586,1.2713,1.2065041429415995,0.5708788683778545,0.5,0.715,0.9967348618948518
800960.1924059,1.4509,1.3267426244556495,0.601287007979184,0.18,0.749,0.9972697270988099
800960.3917357,1.4916,1.4030180600831341,0.6572071268096554,0.49,0.755,0.9974657796429591
800960.5917689,1.5923,1.5910001258754611,0.7948547482076233,0.53,0.772,0.9976464700673546
800960.7917772,1.6151,1.709635476426559,0.9021000822301135,0.29,0.774,0.9979782489200621
800960.9922077,1.6321,1.6580391232028922,0.8420024667026177,-0.02,0.77,0.9974063632428766
800961.1914221,1.6099,1.607373232715902,0.8024452225565778,0.4,0.759,0.997071737750704
800961.3924396,1.6094,1.6557577326703008,0.8510333468795922,0.04,0.791,0.9978116335384102
800961.5920672,1.6162,1.6810219605440382,0.8729097809962598,-0.1,0.842,0.9967334002083209
800961.7920183,1.6261,1.713671218345585,0.900614528318477,-0.05,0.844,0.9964888224567152
800961.9919471,1.6493,1.7169751431159248,0.8923136932030015,0.01,0.871,0.9958056874268302
800962.1919762,1.6778,1.618431120265604,0.7795198756413098,0.07,0.869,0.9953855497234415
800962.3918621,1.6711,1.5861953597885254,0.7506439857280598,0.08,0.867,0.9972427862043725
800962.5927248,1.7155,1.4026885220812222,0.5449501420625846,0.25,0.859,0.9973250537187021
800962.7920234,1.6644,1.2519307784736777,0.41971135464076004,0.23,0.84,0.9973426196020126
800962.9918735,1.5742,1.127604309328939,0.34050796619717827,-0.01,0.818,0.9983504299166761
800963.1919476,1.5401,1.0651158854939513,0.2950584341372295,0.36,0.81,0.9979562904852923
800963.3917173,1.3569,0.9997459297355151,0.3212846775134382,0.28,0.781,0.99830236744041
800963.5920335,1.4211,0.99607519163192,0.28552657703402345,-0.02,0.785,0.9985064158072293
800963.7919702,1.3919,0.9378997054116738,0.24196810406108538,0.53,0.751,0.9973794988752973
800963.992066,0.7578,0.7882708741176814,0.4093673718336643,0.42,0.692,0.9982470878987318
800964.1916191,-0.0092,0.6409540649913391,0.6455392290911338,0.49,0.679,0.9980058172469818
800964.3918138,-0.2551,0.4835955042359369,0.6111650065371558,0.86,0.695,0.9969267751030985
800964.5918895,-0.736,0.541480634320093,0.909469501113688,0.33,0.662,0.9975282994330346
800964.7914205,-0.8758,0.38216464310720555,0.8200733955598134,0.42,0.696,0.99739719991958
800964.991446,-1.0061,0.359765083770191,0.8628019646219593,0.63,0.69,0.9974959041785186
800965.1915975,-1.2047,0.27780257404036135,0.8801494499787408,-0.16,0.696,0.9972957723357803
800965.3920225,-1.2713,0.24958463389358815,0.8852579728848955,-0.16,0.714,0.9964610281180545
800965.5913803,-1.4247,0.2925221499439624,1.0048707239147294,0.3,0.71,0.9971816846585054
800965.7923872,-1.3623,0.28464451927626516,0.9657995382305935,0.1,0.75,0.9969410005646865
800965.9915659,-1.0836,0.3819625261573454,0.9237714748267649,0.09,0.686,0.9970482624691288
800966.1917095,-0.9327,0.417079499243788,0.8834418949715407,0.54,0.64,0.997195258939517
800966.3919299,-1.0069,0.3817813810428004,0.8852137091845058,0.54,0.648,0.9969130126089724
800966.5919636,-0.7229,0.4969501924623833,0.8583753490997723,0.75,0.669,0.9973597084699143
800966.7916797,-0.8083,0.5104542119949737,0.9145880628094741,0.7,0.655,0.997594966974696
800966.9919284,-0.5932,0.5930571542566616,0.8896812903679487,0.31,0.695,0.9973598264915665
800967.1919012,-0.7956,0.5342796999045427,0.9320852648487526,0.68,0.664,0.9973125746306417
800967.3915894,-0.7977,0.5248370776411769,0.9236978171974488,0.38,0.601,0.9970827562663126
800967.5916025,-0.912,0.4554720524359562,0.9114932794591024,-0.13,0.564,0.9968337399213449
800967.7920483,-1.0507,0.433941660389969,0.9593093552714748,0.09,0.521,0.9971657517299536
800967.9919509,-1.1411,0.4686007892694191,1.0391316832941233,0.23,0.541,0.9959784994238209
800968.1917004,-1.0453,0.3803761138755804,0.9030305855072325,0.55,0.546,0.9963813481143827
800968.392077,-0.8505,0.36926743443713883,0.7945258635867412,0.57,0.527,0.997082940954212
800968.5914839,-0.639,0.44066587563690357,0.7601588115463106,1.26,0.543,0.9974320465377867
800968.7921482,-0.6289,0.42033002737437614,0.7347975374688083,0.8,0.553,0.998040933405308
800968.9922043,-0.8146,0.34633163947411927,0.7536201152220932,1.06,0.557,0.9982908037173781
800969.1920069,-0.6612,0.4027265395213729,0.7333473932483734,-0.05,0.525,0.9981159295957291
800969.3918936,-0.65,0.417211080128242,0.7421882742223952,-0.03,0.534,0.9982501255359478
800969.5914971,-0.5717,0.4434844395631367,0.7293134785943879,0.07,0.566,0.99866629624743
800969.7922776,-0.4248,0.5260500105400759,0.73845012050399,-0.5,0.595,0.9983590179487527
800969.9922654,-0.4153,0.5589362603348584,0.7665635396493353,-0.5,0.599,0.9982523860691375
800970.1920002,-0.7766,0.3860132486160709,0.7743276207426248,-0.01,0.674,0.9979351684921441
800970.3914506,-0.7359,0.3831838310396584,0.7511542916858153,0.12,0.657,0.9975358394713719
800970.5915558,-0.9486,0.3281291862966563,0.8024073746683436,0.31,0.612,0.9978460615519096
800970.7920461,-0.9065,0.39141045591925144,0.8446710915198569,0.05,0.608,0.998285970954442
800970.9919636,-0.8668,0.4040522691104313,0.8374348734372531,0.73,0.59,0.9981914971892387
800971.1917976,-0.7248,0.4208528028362018,0.7832685598627434,0.9,0.64,0.9979495123283665
800971.392471,-0.7748,0.38721650572241395,0.7746182464054371,-0.12,0.656,0.9969803369830903
800971.5914514,-0.6943,0.3720831510806616,0.7192444609156555,0.44,0.685,0.995305217507758
800971.7918589,-0.2613,0.5391493126239534,0.669778407641743,0.09,0.692,0.9954244674378814
800971.9919298,-0.3321,0.4911384512488626,0.6571683552929106,-0.57,0.641,0.9954728100602444
800972.1919541,-0.2222,0.6007928778610669,0.7119124891398602,-0.13,0.641,0.9951579416466573
800972.3915761,-0.3256,0.544809283738122,0.7076237962082315,0.73,0.633,0.9942766709201688
800972.5917745,-0.2484,0.49548639343224754,0.6196773274249027,0.48,0.656,0.9949280917977337
800972.791413,-0.3471,0.413757850068891,0.5873035564858583,0.41,0.642,0.9953422604149817
800972.9920584,-0.2432,0.4770133620725902,0.5985926427414537,0.72,0.657,0.9965604977835611
800973.191857,-0.2857,0.4554200260335429,0.5982500886069835,0.01,0.653,0.99750467873699
800973.3917816,-0.0782,0.5645898324914315,0.6036973387917035,0.04,0.668,0.9975320147592244
800973.5920585,-0.0794,0.5655891313855251,0.6052952046371863,-0.03,0.617,0.997890012548976
800973.7919872,-0.4119,0.4405266500408316,0.646484668533477,0.16,0.624,0.9972017131014254
800973.9919555,-0.4037,0.40870020471847995,0.6105487338064949,0.45,0.655,0.9976313906364129
800974.1919876,-0.5244,0.33701716560395345,0.599225043889911,0.23,0.683,0.9978158496042782
800974.3919837,-0.5058,0.33766128068510914,0.5905564510706525,0.29,0.705,0.9970711232679337
800974.591667,-0.612,0.3963233538342357,0.7023014693759471,0.01,0.697,0.9979293467527599
800974.7916498,-0.4443,0.4690725871446377,0.6912371163842953,-0.09,0.708,0.9978668361560652
800974.9919108,-0.5557,0.4269442847672784,0.7048066274012413,-0.08,0.705,0.9973287376358785
800975.1921321,-0.634,0.46155181417120583,0.7785653986930455,0.18,0.717,0.9979666134887285
800975.3919904,-0.7375,0.5291870254647482,0.8979420957329021,0.16,0.711,0.9973408350664394
800975.5914651,-0.786,0.5305390400001951,0.9235161391546113,0.07,0.688,0.9973377002095103
800975.7919669,-0.7588,0.6413717366354709,1.0207534182616842,0.31,0.667,0.9968182559358038
800975.9914729,-0.722,0.43584433060087246,0.7968514485557865,0.02,0.717,0.996082033114742
800976.191703,-0.7901,0.4093696862332796,0.8044011050048226,-0.04,0.701,0.9955617353772281
800976.3917419,-0.794,0.5102462050266185,0.9072491978870747,0.33,0.714,0.9957543955385594
800976.5918032,-0.6803,0.618504138177165,0.9586602413614126,0.16,0.715,0.995474713738208
800976.7914935,-0.6181,0.7608683575453775,1.0699053664522162,0.39,0.683,0.9953448952981432
800976.9927255,-0.5808,0.7137646964757017,1.0041773007427004,0.25,0.701,0.9947051655100997
800977.1914983,-0.53,0.8059988584818114,1.0709965907568686,0.18,0.642,0.9946401007029372
800977.3921769,-0.5386,0.6778498889908351,0.9471545505152846,0.37,0.649,0.9961956679972376
800977.5920446,-0.5742,0.6402340822250046,0.9273099132915592,0.26,0.67,0.9959607602000182
800977.7919664,-0.5792,0.5074074144009505,0.7970197204460111,0.35,0.689,0.9963829433941164
800977.9925462,-0.555,0.6270457989751778,0.9045517023373536,0.91,0.654,0.9951134895961747
800978.1917827,-0.5242,0.47139715716097547,0.7335064159595377,0.69,0.697,0.9952231002165582
800978.3916587,-0.1957,0.33093592784254855,0.42879614328597176,0.51,0.695,0.996379371248604
800978.5918739,-0.1198,0.440477004110078,0.5003972473292094,0.68,0.724,0.9979169388713756
800978.7917256,-0.0427,0.5379013106801869,0.5592441431230604,0.38,0.755,0.9981646491131292
800978.9919326,-0.0547,0.5268781554962655,0.554219715078118,0.59,0.758,0.9977043462066583
800979.1920903,-0.0179,0.522371093875889,0.531318794357451,0.21,0.752,0.998111440968967
800979.3918031,-0.0535,0.4896771949115593,0.516447879224621,-0.3,0.72,0.997698105560319
800979.5915896,-0.0801,0.46208831440370013,0.5021173075920883,0.42,0.732,0.9977518965399842
800979.791961,-0.0522,0.4623023651426092,0.48841457756592693,-0.28,0.749,0.9979122597542902
800979.9917597,-0.1039,0.43132362217118,0.4832658657968294,-0.22,0.745,0.9969395241298338
800980.1921557,-0.1919,0.41046233552974903,0.5064358438562945,0.43,0.746,0.9966349151863401
800980.3925677,-0.6684,0.26524298103251776,0.5994578766438374,0.24,0.733,0.9954086364724982
800980.5917028,-0.6874,0.3014159840940033,0.6451012545847024,1.17,0.693,0.9959222222920046
800980.7920632,-0.653,0.22403288755020645,0.550518177842615,0.43,0.68,0.9967149502132682
800980.9920346,-0.6618,0.19805767674776037,0.528936499347189,0.3,0.664,0.9966983136737971
800981.191979,-0.621,0.21320602712886494,0.5236875783645711,0.57,0.675,0.9978161918808612
800981.3921017,-0.5508,0.2145103337942399,0.4898950410210052,0.24,0.724,0.9975205976501961
800981.591392,-0.5155,0.22555334255924742,0.48328856172668416,0.12,0.721,0.9973865383627786
800981.7919644,-0.4249,0.27172677614784047,0.4841655486047357,-0.04,0.679,0.9978393932741844
800981.9914024,-0.364,0.2951285779774192,0.4771238964651052,0.22,0.681,0.9974477998713985
800982.191984,-0.1354,0.44961044451743254,0.5173085278685271,0.12,0.671,0.9978155215693053
800982.3919742,-0.115,0.49152851034298384,0.5490432927978361,0.31,0.689,0.9976331495809924
800982.5915199,-0.178,0.4556742099497339,0.5446751159310064,0.94,0.696,0.9978104580950754
800982.7919569,-0.2364,0.4759567050098001,0.594137577273312,0.42,0.697,0.9974501529202989
800982.9919449,-0.0304,0.5513837709727096,0.5666051758682518,0.18,0.741,0.9972899775275074
800983.191816,0.0457,0.621353613444533,0.5984871107603479,0.04,0.761,0.9981332124435773
800983.3923651,-0.0037,0.5406478458754782,0.5425014935769155,-0.08,0.77,0.9981372678323929
800983.5919785,-0.0303,0.503801460275706,0.5189687326830369,-0.16,0.78,0.9982137111448746
800983.7920771,-0.1642,0.36860752254964996,0.45070057702873584,-0.09,0.806,0.9980179101654232
800983.9917806,0.1352,0.4254217890532116,0.3578448736718249,-0.06,0.816,0.997885368653401
800984.191761,-0.0933,0.2622231259263842,0.30885338658430633,-0.02,0.829,0.9980438170452952
800984.3920564,-0.0379,0.3876501496411181,0.4066043198276616,-0.06,0.812,0.9982066871084377
800984.5918547,0.1176,0.484115480345929,0.42534012609211885,0.02,0.817,0.9971004806154726
800984.7918193,0.1814,0.6003604547107682,0.5096558234207748,0.05,0.819,0.9947666159609443
800984.9919733,0.0986,0.8251172221960923,0.7757952938669337,0.38,0.773,0.9939256444142645
800985.1921194,0.09,0.9702746975747787,0.9252746589025217,0.51,0.782,0.9951442175760814
800985.3919449,0.3523,1.060032706569667,0.8838616349146698,0.13,0.816,0.9952329695094275
800985.5922341,0.5153,1.1738040179313167,0.9161664112935088,0.19,0.835,0.995130482025354
800985.7915891,0.6163,1.2594509611506834,0.9512970965994149,0.15,0.849,0.9946979374969069
800985.9918706,0.6412,1.3475402541129722,1.0269392342294639,0.19,0.862,0.9960747864000387
800986.1920574,0.6871,1.6577095709579306,1.3141836554384883,0.18,0.875,0.9974929797789616
800986.3919708,0.7255,1.7893575132380153,1.4266130001753419,0.18,0.846,0.9970567605527314
800986.5919523,0.7541,1.8161373092601552,1.4390966732499983,0.1,0.84,0.9975184754223835
800986.7919478,0.7812,1.7948242483637902,1.4042026988302745,0.13,0.838,0.9975710029005737
800986.9922768,0.8065,1.7639749817456976,1.3607375592540618,0.17,0.84,0.9974889441179214
800987.191944,0.8342,1.7748848511444921,1.35780869872001,0.08,0.811,0.9978722842714809
800987.3920777,0.8579,1.6649650408935182,1.236034901915484,-0.0,0.809,0.9977464311605293
800987.5914593,0.8739,1.525313692438778,1.088343639767703,0.17,0.795,0.9974223146920254
800987.7914201,0.8873,1.4735092961011382,1.0298497718762085,0.3,0.786,0.9975834640419833
800987.9925998,0.885,1.3764814602282553,0.9339673398948274,0.49,0.753,0.9974491951880903
800988.1919635,0.8214,1.0278378379349487,0.6171486099251717,0.27,0.718,0.9979561995990915
800988.3917204,0.6923,0.8090289740327073,0.4628991821265558,0.52,0.74,0.9973388901161045
800988.5924419,0.5986,0.7868504139856958,0.4875405881554097,0.21,0.732,0.9976111226548171
800988.7918049,0.6227,0.7294431310569127,0.41810813340267133,0.0,0.74,0.997791449198443
800988.9919773,0.7994,0.9071387483500677,0.5074289352862685,-0.03,0.758,0.997357477638128
800989.1919197,0.822,0.925371868607223,0.5143813074217382,-0.09,0.78,0.9980969317041349
800989.3918477,0.7629,0.9908699578787739,0.609409425732969,-0.03,0.785,0.9976351740933572
800989.5914766,0.8838,1.1297762397378506,0.687877321099131,0.13,0.832,0.9971956955929683
800989.7920817,0.7619,1.1599238436901231,0.7789737560321379,0.05,0.814,0.9974710480435658
800989.9918063,0.8451,1.1081138802609647,0.685587317820539,-0.01,0.832,0.9978149754802506
800990.1919113,0.8614,1.040364753542076,0.6096885711132891,0.18,0.837,0.9978067463431477
800990.391724,0.9375,0.9512962488646812,0.48253717818375597,0.14,0.836,0.9981181018360216
800990.5919619,0.94,0.9266555699050808,0.4566416304746629,0.06,0.822,0.9981130010687598
800990.7920834,0.9427,0.924489520942302,0.4531314025983716,0.26,0.811,0.998016309927392
800990.9919964,0.796,0.751100832088916,0.3531057572070478,0.42,0.808,0.9975892022875089
800991.1929419,0.7593,0.7105569120030805,0.3309200398778503,0.3,0.808,0.9980697187366927
800991.3915929,0.562,0.6403624742674362,0.3593678611417616,0.12,0.786,0.9977429399828766
800991.5917443,-0.1274,0.49422391706097074,0.557934923869848,0.63,0.75,0.9975174342228166
800991.7920526,-0.0739,0.4798864233949366,0.5168233591101128,0.09,0.694,0.998119966933813
800991.9914675,-0.0827,0.5293688828350086,0.5707028405773006,0.13,0.683,0.9971687611720508
800992.1914663,-0.0271,0.6036845328591602,0.6172241466952293,0.28,0.644,0.9976737079155799
800992.391622,-0.0128,0.7938282665435468,0.8002424548417553,0.48,0.612,0.998122856454447
800992.5919763,0.2647,0.7101813857707067,0.5778428642579361,0.64,0.661,0.997773120227776
800992.792142,0.3655,0.7139345551972847,0.5312070101178861,0.2,0.698,0.9976185355692798
800992.9923458,0.674,0.8252027488326081,0.4882097281763175,0.82,0.724,0.9977869652530973
800993.192008,0.8113,0.8745248046498455,0.46887988065375896,0.65,0.694,0.9977766876715576
800993.3917779,0.9111,0.8994316082866116,0.44388751878056504,0.21,0.71,0.9979680307027982
800993.5922584,0.9554,0.968037094161057,0.49034616293630473,0.14,0.697,0.9979050192411181
800993.7919102,0.9733,0.9779662912711033,0.49129696105291415,0.9,0.71,0.9973400299025963
800993.9919668,0.9595,0.9475546371494826,0.4677899450177222,0.45,0.704,0.9976164171636923
800994.1916592,0.9328,0.9302883897151365,0.46390545541704375,0.25,0.732,0.9974398962353503
800994.3920432,1.0008,0.9416644963608051,0.4412822779703007,0.53,0.76,0.9975059471136836
800994.5920967,1.0006,0.9142502449162465,0.41397132576501666,0.21,0.746,0.9975778247559774
800994.7916004,0.9858,0.9045402665582016,0.4116487501468849,-0.07,0.725,0.9978940313911006
800994.9927181,0.9438,0.8740578468989442,0.4021627572121485,0.02,0.725,0.997748643984715
800995.1919119,0.7521,0.8114367358148865,0.43537319022022647,0.25,0.765,0.9973303320205731
800995.3920118,0.5026,0.8287236376742779,0.577420976160421,0.01,0.774,0.997844350807654
800995.5921707,0.3899,0.7376952901290126,0.5427506743886378,0.28,0.761,0.9978846786035408
800995.7924803,0.2094,0.6814241136265141,0.5767212998943455,0.15,0.759,0.997677930349916
800995.9918912,0.2568,0.6660183196526018,0.5376310583329923,-0.14,0.745,0.9976893910126521
800996.1919696,0.6233,0.737918496752908,0.4262699659709838,0.06,0.77,0.9961839292771874
800996.3921635,0.5029,0.8026077917111922,0.5511336374274154,0.33,0.756,0.9960968086909158
800996.5916258,0.3952,0.8087216010276683,0.6111060768672641,0.24,0.741,0.9972623221902632
800996.7913573,0.4153,0.7978741027344405,0.5902322286736634,0.55,0.736,0.9964265331535535
800996.9917651,0.2751,0.7836316228658178,0.6460833555458546,0.42,0.735,0.9963764012438093
800997.191748,0.2478,0.7879971064377784,0.6640921422842211,0.14,0.743,0.9963158040853035
800997.3919002,0.2669,0.786386900096685,0.6529123737202555,0.04,0.718,0.9963660786863852
800997.591842,0.278,0.7370562717999358,0.5980384488884671,0.03,0.708,0.996836396812805
800997.7922712,0.443,0.7435317580790877,0.5220366946966514,-0.16,0.725,0.9968019344436246
800997.9922673,0.4631,0.7160385897089768,0.48448965165909796,0.09,0.729,0.9968432064111085
800998.1921485,0.1431,0.727018910358062,0.6554529947145324,0.56,0.714,0.9967466547046198
800998.392726,0.121,0.6433623909640597,0.5828848616810296,0.34,0.695,0.9976181934996531
800998.5920571,0.1668,0.629243152452356,0.5458359223986303,0.17,0.687,0.9976431515270904
800998.7917755,0.1434,0.6128789358695323,0.5411589415852789,0.52,0.679,0.9971104921186362
800998.9916673,0.0733,0.6250313347832144,0.5883974782352049,0.34,0.646,0.9973108502581081
800999.1928834,0.3648,0.6174922430977137,0.4350871700397392,0.01,0.67,0.9967951877572064
800999.3918083,0.4829,0.6236970826467639,0.38225717564716705,0.0,0.695,0.9965892272901947
800999.5916043,0.4164,0.6795654946899509,0.47138702531745574,0.34,0.7,0.9966080286659647
800999.7919046,0.7308,0.7991097595511186,0.43369868891110486,0.27,0.717,0.9961763936525948
800999.9914871,0.9052,0.9467527551866332,0.4941530830169962,-0.03,0.728,0.9963671696818828
801000.1922384,0.9324,0.9118493946957331,0.445658046457033,0.13,0.737,0.9969044768014592
801000.3920296,0.9611,0.9137848977356428,0.4332181918437014,0.6,0.744,0.9974020861740256
801000.5916377,0.992,1.1025516110176774,0.6065602802518366,0.33,0.751,0.997781695297468
801000.7916693,1.0467,1.26031712980004,0.7369909665103285,0.04,0.762,0.9978575692364503
801000.9917667,1.0349,1.3913443223525477,0.8738709146609569,0.14,0.784,0.9978794841578223
801001.1927125,1.0382,1.3816301036171834,0.862547718628838,0.06,0.789,0.9979848425068982
801001.3921513,1.066,1.3892610909053835,0.8562495872520623,0.19,0.775,0.998410962865686
801001.5916289,1.061,1.4641557235653706,0.933661535296875,-0.03,0.788,0.9983651874550857
801001.7913543,1.0518,1.3416517100064158,0.815729478113449,0.09,0.8,0.9981835006505687
801001.9922577,1.0376,1.194095629301363,0.6752851302572523,0.12,0.797,0.998358476234267
801002.1917889,1.0928,1.2292725765922896,0.6828709608979078,0.01,0.782,0.9984619325632079
801002.3914584,1.0906,1.2608429506145744,0.715539053235071,0.19,0.789,0.9988192394822193
801002.5920878,1.0852,1.0711514382042178,0.5285539226952717,0.35,0.831,0.9984192964599984
801002.7914102,0.992,0.8625675860825098,0.3665467953344123,0.41,0.81,0.9981823681075721
801002.9920718,0.6397,0.6039516816878667,0.2841221293668398,0.07,0.763,0.9980398035476129
801003.1919787,0.2789,0.4677017560939408,0.3282422789143897,0.24,0.727,0.9981909485416584
801003.3924264,-0.0331,0.38952567521562786,0.40608581833594154,0.15,0.722,0.9985261031528281
801003.5913544,-0.5656,0.3358048681923897,0.618625146248163,0.13,0.694,0.998021786516185
801003.792169,-0.5418,0.3707560251504442,0.64165899799889,0.39,0.677,0.9981428607460642
801003.9919434,-0.5339,0.3469720018267656,0.6139277689870637,0.59,0.688,0.9983448746435516
801004.191492,-0.8414,0.31071520476412035,0.7314096474184122,0.53,0.704,0.9984285558383956
801004.3920897,-0.8657,0.3569746179413035,0.7898259498885162,0.43,0.719,0.9986838010406914
801004.5924938,-0.7573,0.4003782730281026,0.7790108776719252,0.23,0.709,0.9982282939344271
801004.7919714,-0.7221,0.4517710639572171,0.8128074460752469,0.36,0.7,0.9975884401741224
801004.9916296,-0.722,0.45800482498784023,0.818985767671005,0.06,0.676,0.9976124625976442
801005.1915085,-0.6845,0.49233024136356096,0.8345828190615224,0.13,0.664,0.9977359565080213
801005.3921134,-0.6492,0.40958387089360665,0.7342029712419877,0.37,0.672,0.9977946842938131
801005.5915408,-0.5403,0.41101340211302784,0.6811641984425,0.13,0.656,0.9976054157353412
801005.7919724,-0.4505,0.49545625428046425,0.720716039885953,0.28,0.637,0.9975990187631012
801005.9914226,-0.4411,0.5661788975914965,0.7867360316830561,0.71,0.611,0.9966026784939227
801006.1918113,-0.3801,0.6912780271620432,0.8813327175234489,0.42,0.607,0.9975369397787689
801006.3918777,-0.5002,0.478025668679925,0.7281188869670491,0.3,0.665,0.9979104127580325
801006.5915101,-0.5566,0.41101112286147384,0.6893228125900359,0.62,0.637,0.9972529610200979
801006.7916609,-0.589,0.3448025412944874,0.6393066605000433,0.12,0.646,0.9979933771228685
801006.9920701,-0.5255,0.3375054578531213,0.6002475365559242,0.41,0.683,0.997146862351628
801007.1919068,-0.4916,0.37801478920457166,0.6238050333046199,0.54,0.709,0.9968107276893807
801007.3916149,-0.5916,0.3040569187977755,0.5998659798902505,-0.17,0.711,0.9972371447066104
801007.5918825,-0.569,0.35043879324922894,0.6349435071213373,-0.15,0.703,0.9971119552767665
801007.7915873,-0.3779,0.4159488606294951,0.6049118718863911,0.28,0.67,0.9973071417682292
801007.9921075,-0.3165,0.3984253508176829,0.5566674715708549,0.09,0.699,0.9969955527141828
801008.1918281,-0.2068,0.3383668484088726,0.4417471066175665,0.36,0.672,0.9969097339661043
801008.3919955,-0.0469,0.4827812652748926,0.5062241877070675,0.23,0.573,0.9971482907416108
801008.5919844,-0.0146,0.5174559108520779,0.5247661236424253,0.78,0.593,0.9966429034651724
801008.7919281,-0.0099,0.5331399979289169,0.5380858905224215,0.49,0.595,0.9972872198801372
801008.9919873,0.0333,0.5893839628782589,0.5727134812909388,0.41,0.57,0.9966753142520973
801009.1916236,0.0165,0.5707490777590686,0.5624967276168371,0.53,0.571,0.99589589326114
801009.3919611,0.071,0.7238506423597717,0.6883730368594205,0.02,0.541,0.9958562828224452
801009.5919059,0.0376,0.7346543398670446,0.7158748662789896,0.21,0.539,0.9956337031794835
801009.7916218,-0.1084,0.5897791718452069,0.6439768648198013,0.2,0.623,0.9946904362520237
801009.9917074,-0.0949,0.7348959755269866,0.7823647119646507,0.08,0.589,0.9943978101735843
801010.1919207,-0.1292,0.775008242297691,0.8396289281571937,0.08,0.555,0.9956081884007792
801010.3918669,-0.1457,0.7379757018522294,0.8108503911874139,0.27,0.517,0.9951065377222805
801010.5920171,-0.1878,0.7155252809956423,0.8094021475058167,0.43,0.548,0.9969654993983054
801010.7916086,-0.1559,0.70394282267489,0.7818691286713527,0.97,0.536,0.9979943896669272
801010.9920241,-0.2463,0.6427311215177939,0.7658713077328448,1.54,0.557,0.9972412780946773
801011.1920379,-0.1732,0.6480256393277238,0.7346281369640199,0.96,0.54,0.9977373986259558
801011.3920499,-0.1876,0.609509919800979,0.7032902062540631,0.65,0.528,0.9978437060283369
801011.592404,-0.1601,0.5375784456417542,0.6176164169539867,1.06,0.548,0.9974541202724788
801011.7919726,-0.1215,0.5601079691240951,0.620870779005257,0.18,0.48,0.9979339707402924
801011.9919818,-0.1784,0.5045134001075278,0.5937071518814225,0.16,0.515,0.9976080769618094
801012.1914808,-0.2456,0.5088057576670154,0.6315972328792545,0.78,0.451,0.9972006297287328
801012.3916894,-0.2793,0.46525372591754677,0.6049109684365038,0.77,0.487,0.9975649354176176
801012.591515,-0.2601,0.46212440684713085,0.5921792222454386,1.05,0.468,0.996990548606381
801012.7917849,-0.2721,0.5482156529191534,0.6842754310942676,0.7,0.481,0.9970977389975869
801012.991995,-0.2997,0.4443311173154812,0.5942032697938069,0.86,0.514,0.9972581447084706
801013.1919533,-0.326,0.5386450331224953,0.7016564107852938,1.38,0.506,0.997499092948572
801013.3915591,-0.3415,0.48262916164208997,0.6533650587849906,0.21,0.57,0.9968921304443094
801013.5914831,-0.322,0.5033656269875658,0.6643816726120421,0.09,0.562,0.9970260199922565
801013.7919724,-0.3372,0.42543693435146407,0.5940431547983178,0.49,0.639,0.9972067652543901
801013.9916642,-0.2578,0.4981080031555565,0.6270180940470139,0.38,0.65,0.9967861792428788
801014.1918782,-0.3135,0.4197298012930153,0.5764937475084623,-0.07,0.765,0.9975884951250599
801014.3915762,-0.2984,0.4665226265506583,0.6157101859095163,0.11,0.81,0.9979791590897336
801014.5914136,-0.3807,0.36625494998440133,0.5566013890292216,0.71,0.808,0.9984157521533311
801014.7918363,-0.4531,0.3066110406446789,0.533172472362101,0.45,0.78,0.9982524190601306
801014.9915827,-0.4454,0.30239127929968795,0.525070812979324,0.18,0.739,0.9986238809196174
801015.1920076,-0.4673,0.2788937129262895,0.512534966653302,0.08,0.743,0.9983470982629123
801015.3919875,-0.3818,0.44336435871180757,0.6342691849385609,0.29,0.697,0.9977425702276567
801015.59165,-0.3476,0.4148388542127776,0.5886326415562341,0.29,0.71,0.9978415948933166
801015.7926815,-0.1733,0.3919297391654628,0.47855566472321776,0.51,0.697,0.9964492551652484
801015.991585,-0.1524,0.34666422138460123,0.42286492751227667,0.63,0.745,0.9944971800163692
801016.1916237,0.0061,0.5340997781742977,0.5310681331229375,0.97,0.61,0.9960247803942119
801016.3916563,0.1364,0.5372903546666299,0.4691055329580706,0.5,0.581,0.9963670675466175
801016.5915689,0.183,0.4230804137108149,0.33156484210052783,0.52,0.611,0.9889953168061973
801016.7923875,0.1882,0.39657834317017804,0.30248062273442655,0.46,0.647,0.9840567686082092
801016.991929,0.1037,0.5296341391270741,0.4777776274233553,0.6,0.71,0.9899948111767822
801017.1923849,0.1294,0.5010677724964303,0.43638933676058583,0.43,0.712,0.987352510319349
801017.3919418,0.148,0.5113035569590763,0.43731430129820253,0.52,0.721,0.9900694565819148
801017.5915643,0.147,0.5123781883898987,0.4388647392005833,0.54,0.71,0.9893196504873317
801017.7923021,0.0242,0.5487324755564795,0.5366557953306317,-0.01,0.738,0.9842273823783452
801017.9919858,-0.0092,0.4569810124374598,0.46159709803371,-0.01,0.71,0.9916018741373599
801018.1921831,-0.0207,0.4852299106570848,0.49555687645634994,0.41,0.773,0.9961248848636637
801018.3917054,-0.0832,0.46534337558918154,0.5069357389387171,0.04,0.774,0.9969081945053595
801018.5919401,-0.0958,0.4497589141337889,0.4976455767800341,-0.09,0.752,0.9974947828012521
801018.7919312,-0.1204,0.39566241928699697,0.4558399620118291,0.13,0.74,0.9973646342310084
801018.9921235,-0.1282,0.288757175337913,0.35284761589339125,0.55,0.684,0.9977310704177739
801019.1919668,-0.2154,0.2067467815233224,0.314430108497064,-0.04,0.681,0.997816932125678
801019.3921635,-0.2058,0.2686566063846526,0.37156428061696267,-0.0,0.711,0.9972460547380428
801019.591456,-0.1742,0.3059106210898028,0.39303538205409105,0.38,0.71,0.9978563467205818
801019.792139,-0.3024,0.1930302261587762,0.34422241306843515,0.08,0.709,0.9977844750590782
801019.9919548,-0.2879,0.16452945119600038,0.3084701281454053,0.34,0.716,0.9976237186768645
801020.1923046,-0.2782,0.15323099460941028,0.2923306328578539,-0.04,0.696,0.9979219417129063
801020.391358,-0.3395,0.15946925301087123,0.3292051801828861,0.0,0.703,0.997658091063088
801020.5921727,-0.2806,0.22637128424674294,0.3666749201017827,0.06,0.736,0.9980256138968833
801020.7917605,-0.4141,0.16688727902509923,0.3739604016038923,-0.04,0.744,0.9978328411587004
801020.991944,-0.3828,0.21843042885301112,0.40982179169260785,0.19,0.743,0.9976430595725144
801021.1919473,-0.3428,0.23889360639399257,0.4102976191295582,0.03,0.738,0.9980826253509185
801021.3921914,-0.2636,0.28416467540993484,0.4159511386986162,0.51,0.727,0.9976905337669582
801021.5921859,-0.1988,0.3459462753519165,0.4453250949880922,0.73,0.729,0.997642174976358
801021.7919773,-0.1447,0.40591319796494096,0.4782585339004416,0.16,0.719,0.997419839076873
801021.9914868,-0.1067,0.4356511348734246,0.4890112724587373,0.29,0.746,0.9965290328230343
801022.19245,-0.1185,0.46377755854544234,0.5230145244506608,0.38,0.7,0.9971127050906684
801022.391861,-0.1271,0.4721315205273149,0.5356589318354709,0.14,0.681,0.9973824377328643
801022.5917665,-0.0661,0.5143975682641403,0.5474384363659572,0.56,0.721,0.9968579453230241
801022.7915427,-0.0461,0.4504630008226352,0.47353385551565025,0.43,0.729,0.9971714617346915
801022.9914202,-0.0537,0.4187546243510727,0.44558881333119205,0.45,0.728,0.997575217929325
801023.1921846,-0.0354,0.37417183625758194,0.3918740989916553,0.76,0.726,0.9972315195644595
801023.3914823,0.3573,0.5328180859848254,0.3541605548884391,0.19,0.732,0.9978146643029567
801023.5916169,0.3796,1.0829906288192748,0.893171311932546,0.24,0.778,0.9977961657866036
801023.7920571,0.4093,1.3170043557209552,1.1123362997137907,0.3,0.816,0.9974921110249891
801023.992103,0.4511,1.3142154340283891,1.0886595680895539,0.19,0.727,0.998170423797814
801024.1913873,0.4697,1.4757772740582822,1.240939105251466,0.41,0.759,0.9976602497970064
801024.3921221,0.4977,1.5191244593256636,1.2702735063163217,0.45,0.78,0.9974292605877644
801024.5921064,0.5308,1.4978712550554685,1.232464555177873,0.46,0.759,0.9979889648849737
801024.7919673,0.5575,1.5498924084187071,1.271132850472828,0.56,0.761,0.9976622860492637
801024.9916588,0.5786,1.5903651555490963,1.3010423411668675,-0.03,0.755,0.9981595157097369
801025.1914976,0.6022,1.6129941621073243,1.3118832864006293,0.14,0.751,0.9975264839523594
801025.3920123,0.6128,1.6075515331386223,1.3011381811638427,0.04,0.76,0.9967036939137174
801025.5916983,0.615,1.3349283278081847,1.0274359688146366,-0.49,0.726,0.9968299967276714
801025.7927398,0.6189,1.1168707251959882,0.807425871448335,-0.1,0.725,0.9970933128743
801025.9916752,0.6166,1.0650348291617324,0.7567489877120539,0.18,0.749,0.9966545455618028
801026.1918772,0.5672,0.9293123122444383,0.6457036299200956,0.3,0.753,0.9962956201316732
801026.3916767,0.501,0.9268435656026415,0.6763229265212979,0.2,0.697,0.996521772753819
801026.5914065,0.5094,0.9108247422722767,0.656119416707215,0.24,0.676,0.9962996157962042
801026.7918816,0.4864,0.7887986700970877,0.5456112597957755,0.78,0.664,0.9963616961097636
801026.9915547,0.3747,0.8223954258945688,0.6350456332294421,0.59,0.621,0.9971424463115686
801027.1914329,0.4147,0.7347218770848876,0.5273625847507593,0.92,0.548,0.9969839493494806
801027.3920264,0.0515,0.5971251458490797,0.5713902914608694,0.9,0.499,0.996799352663933
801027.5921887,-0.0504,0.6020900212113593,0.6272798767275781,0.79,0.466,0.9970223761981593
801027.7915151,-0.0279,0.6212742450417909,0.6352343851787985,0.88,0.477,0.9971355930136991
801027.9919642,-0.0933,0.5973523959393842,0.6439944858921414,0.56,0.528,0.9976284340923242
801028.1920096,-0.1149,0.695458295864637,0.7529238883408911,0.17,0.473,0.996905726898534
801028.3914331,0.0956,0.6234823114258328,0.5756615483408388,0.38,0.494,0.9973181710809197
801028.5927788,0.349,0.5341840532900963,0.3597074891578864,-0.11,0.562,0.9972472177656293
801028.7916435,0.4412,0.5613749950998453,0.3407510971635419,0.2,0.575,0.9972656667841768
801028.991973,0.5058,0.5507343032314171,0.29785327990730576,0.1,0.559,0.9978603698914151
801029.191703,0.4267,0.5300281995409639,0.3166681166212439,0.55,0.657,0.9969415301557063
801029.3923844,0.4387,0.611466159003773,0.39213206305917314,0.51,0.636,0.9972718722896325
801029.592139,0.4667,0.6523103774837696,0.41895657434342787,-0.06,0.651,0.9981638638817332
801029.7917921,0.5009,0.7294889127054676,0.47905161848767885,0.4,0.657,0.998287322876816
801029.9921853,0.5147,0.7898265740128922,0.5324748072750095,0.11,0.685,0.998584002451891
801030.1918935,0.5362,0.7904097360760229,0.522286162652846,-0.15,0.71,0.9982526385222902
801030.3919034,0.4703,0.7127530944802041,0.47758972131128224,0.23,0.711,0.9980214539788964
801030.5919097,0.3975,0.6948387021539576,0.4960984658336952,-0.04,0.744,0.9974631494784433
801030.7919743,0.4955,0.6960344064657807,0.44826891234943694,0.01,0.76,0.9977348297746935
801030.9922341,0.5868,0.730736824850779,0.4373180716189784,0.02,0.759,0.9975964105413526
801031.1920717,0.6343,0.8575876473025799,0.5404256662851679,-0.0,0.758,0.9967521635331617
801031.3919744,0.6262,0.8421834269993393,0.529105022672675,0.12,0.741,0.9964255016611618
801031.5915992,0.5464,0.9059211879482062,0.6327220004936649,0.22,0.739,0.9956623274753399
801031.7920621,0.5224,0.8546538452065361,0.5934325490897834,0.28,0.7,0.9956711818346804
801031.9920145,0.5598,0.8876190593486577,0.6076979098566794,0.39,0.671,0.9964711215754083
801032.1917741,0.5574,0.8676823104308788,0.588992619241892,0.11,0.685,0.9973810769300213
801032.3917446,0.6365,0.8083433999097575,0.4901164655282918,0.12,0.664,0.9961668033092477
801032.5919316,0.5892,0.8300266324498488,0.5354079094956908,0.61,0.669,0.9965215680397553
801032.7922604,0.7652,0.9426226486361508,0.56002274392713,-0.11,0.732,0.9965848514866789
801032.9918206,0.6966,1.2949805467612219,0.9466842577699125,0.26,0.79,0.9956163388783281
801033.1916312,0.7415,1.5902157451304475,1.2194411873188402,0.2,0.817,0.9975385972408088
801033.3919035,0.7406,1.6460031322130577,1.2757265068413717,-0.15,0.821,0.9973787150146265
801033.5915095,0.7526,1.6376830878931006,1.2613749939934598,0.36,0.83,0.9972592138242898
801033.7917025,0.8004,1.6224155082558056,1.2222011187486423,0.14,0.832,0.9979719645354933
801033.9918759,0.82,1.56173896430384,1.1517336959346431,0.03,0.844,0.9975307674766946
801034.1920338,0.811,1.5625802591640396,1.1570634684358223,0.08,0.871,0.9979006103898196
801034.3913916,0.8127,1.5687086945098594,1.162335720170355,0.03,0.882,0.9984210004501916
801034.5914836,0.8214,1.5873587062090162,1.1766345947248904,-0.09,0.87,0.9982327510422024
801034.7916458,0.844,1.4158610570692605,0.9938381749293687,0.0,0.844,0.997784803506885
801034.9918304,0.8795,0.9792369468484037,0.5394643161109746,0.08,0.789,0.9981243654369565
801035.19226,-0.0467,0.3577482882311455,0.38109456104599315,0.29,0.755,0.9975916721464295
801035.3931369,-0.5607,0.28585505298094305,0.5662105448061748,0.29,0.719,0.9977297196192655
801035.5917566,-0.4905,0.3349015586014038,0.5801576601310504,0.62,0.708,0.998494760494987
801035.7919388,-0.4711,0.37534660095761196,0.6109171760803203,0.24,0.716,0.9980400251727342
801035.9915454,-0.2288,0.5164219271634333,0.6307969479944981,0.27,0.655,0.9975086140369008
801036.1919702,-0.2008,0.5277076076529792,0.6281147668961394,0.16,0.634,0.9980249994103872
801036.3919799,-0.2555,0.4829240061564095,0.6106978816701222,-0.31,0.626,0.9978445741193855
801036.5919275,-0.3542,0.43521010304743674,0.6123016969049065,0.56,0.604,0.9976792001430768
801036.7919661,-0.3559,0.4102707351002867,0.5882117036233058,0.51,0.602,0.9977234264451956
801036.9924258,-0.5162,0.3140459134314202,0.5721432188500069,-0.55,0.62,0.9971249555616709
801037.1916573,-0.5987,0.30907587324870384,0.6084453456579211,1.05,0.586,0.9969180416888389
801037.3920426,-0.6761,0.2839683293273022,0.6220428596343244,0.68,0.657,0.9970147775596472
801037.5919544,-0.6986,0.281889414547352,0.6312113428215633,-0.3,0.628,0.9966007316321632
801037.791883,-0.6773,0.3148901262687495,0.6535224197224296,0.46,0.616,0.9965558976234541
801037.9914573,-0.5214,0.423806752932176,0.6844836605682592,0.83,0.62,0.9954635760381614
801038.1919641,-0.4687,0.48010328467001584,0.714451376072955,0.2,0.602,0.9965466788140223
801038.391412,-0.466,0.5246199002658282,0.7576331274151591,0.47,0.563,0.9973163755720877
801038.5920212,-0.4195,0.39587480272885794,0.6056365470791497,0.76,0.582,0.9971018898662741
801038.7923088,-0.2358,0.4180451981529266,0.5359218746211155,0.63,0.657,0.9976057791844009
801038.9916088,-0.0202,0.4921965626478943,0.5023081953214525,0.39,0.646,0.9983457581292163
801039.1919664,-0.0195,0.4795337301466584,0.48928663848872095,0.74,0.65,0.998594579676318
801039.3919204,0.1428,0.5398407671542608,0.468416955047371,0.31,0.67,0.9982672378061571
801039.5916953,0.2124,0.6172439296777084,0.5110602900798351,0.11,0.695,0.9987374162939651
801039.7917999,0.3143,0.6695122579680792,0.5123611602566627,-0.14,0.724,0.9985584473300907
801039.9918477,0.3047,0.5993615105131562,0.4469920811203149,-0.33,0.711,0.9980996691173308
801040.1917448,0.461,0.7122308822692921,0.48170687892066366,-0.05,0.711,0.9984544091226664
801040.392122,0.4926,0.9042538395726486,0.6579482990199432,0.14,0.765,0.9982857178571721
801040.5919371,0.5241,0.8596542224371443,0.5976246861783491,0.33,0.784,0.9981479534143363
801040.7913789,0.6496,0.758729533432494,0.4339520668451218,0.44,0.752,0.9985464321795423
801040.9920581,0.6536,0.7156778545245369,0.38886142028831167,0.37,0.765,0.9981130047474416
801041.1919811,0.701,0.7175902491437097,0.36707902657845787,0.03,0.725,0.9978630441640126
801041.391984,0.6448,0.6253233484603692,0.3029108100348195,0.01,0.704,0.9982982388616599
801041.5922079,0.665,0.681599746740106,0.34910605319000476,-0.06,0.727,0.9981852837808647
801041.792714,0.7027,0.8026523372840401,0.4512980056950381,-0.05,0.738,0.9977805459601244
801041.9919821,0.7492,0.9077685519236487,0.5331649832051862,0.37,0.758,0.9972512038226301
801042.1921341,0.7892,0.8665818501328623,0.4719842908585619,-0.1,0.786,0.9968764356513797
801042.3919403,0.6812,0.8606693045670331,0.520047021899461,0.77,0.721,0.9968836955722276
801042.5916436,0.7006,0.8910577519362388,0.540754295414599,0.09,0.745,0.9976337980232598
801042.7919768,0.7797,1.0398750166917847,0.6500322567878418,0.03,0.759,0.9968203236470746
801042.9913986,0.7862,1.2319911225854954,0.838873946270267,0.2,0.778,0.9963919008961061
801043.1913946,0.7975,1.496180765113812,1.0974451691410747,0.24,0.81,0.9973634269994606
801043.3916508,0.8425,1.6970881431918747,1.2758590104072178,0.24,0.825,0.9968231988313981
801043.5916796,0.8701,1.8072679389206037,1.372232139854833,0.23,0.819,0.9976198210018317
801043.7918234,0.8998,1.7967339546826302,1.3468215620665818,0.24,0.8,0.9972168475719146
801043.9921517,0.9158,1.8593516781738004,1.4014727120240802,0.24,0.82,0.9971124919943457
801044.1918722,0.9489,1.866753087983597,1.3922782205922566,0.13,0.808,0.9977890831152451
801044.3918878,0.9714,1.8608923546660896,1.3752124993720458,0.03,0.811,0.9975722029218946
801044.5919826,1.013,1.8398969314306026,1.3333779729364954,-0.11,0.812,0.9977969470321288
801044.7916447,1.0352,1.8112171898735248,1.2936284613844156,-0.0,0.771,0.9977715582511554
801044.9919961,1.0609,1.9074008286324917,1.376940352905148,0.14,0.801,0.9975345613438316
801045.1918887,1.1013,1.898302597384359,1.3476698498003343,-0.04,0.803,0.9979732518861824
801045.3917266,1.134,1.8193613449206067,1.2523579886263887,0.41,0.771,0.9979490426645189
801045.5919459,1.1448,1.7481611737134188,1.1757753874303316,0.3,0.78,0.9978068371352048
801045.7918136,1.1767,1.6671060078893996,1.0787766857002714,0.07,0.785,0.9982460979724337
801045.9919655,1.2089,1.5548330428651067,0.9503913512780283,0.39,0.765,0.9983294744155302
801046.1919182,1.2278,1.5293925388678777,0.9154676187819221,0.29,0.763,0.9985041698991918
801046.391776,1.2466,1.569509875372879,0.946220865567854,-0.12,0.774,0.998550979201268
801046.5919733,1.2551,1.5989378762054873,0.9713960979453816,0.05,0.759,0.9984155174631861
801046.7918717,1.2308,1.5404289771928492,0.9250057406769931,0.16,0.819,0.9983134701871124
801046.991965,1.2763,1.1972902738502011,0.5591192825213129,0.07,0.776,0.9980006607361032
801047.1918791,1.1561,0.8799126130972088,0.3018794186201809,-0.02,0.759,0.9981849178920048
801047.3920029,0.9565,0.810160387258351,0.33191752270634217,0.59,0.787,0.997570395608027
801047.5920439,1.0398,0.8208783149396315,0.3009870999404019,0.15,0.783,0.9980471974922163
801047.79208,1.0111,0.8496712623025853,0.3441293256329189,0.02,0.774,0.9985500626206961
801047.9916858,0.8504,0.7828843608887522,0.3576594322389503,0.43,0.768,0.998498586412452
801048.1920006,0.8147,0.7735421839685732,0.3661733891716825,0.03,0.773,0.9985608879312683
801048.3919208,0.8079,0.7636583333428829,0.35970785548881035,-0.08,0.78,0.9986945208584515
801048.591717,0.6458,0.6934748635141372,0.3705905510552123,0.3,0.777,0.9987816198188187
801048.7913483,0.539,0.6195524785691694,0.35005441976416535,0.29,0.77,0.9988381373468389
801048.9920642,0.6557,0.6737800439244475,0.3459307933418912,0.08,0.759,0.9985740728025397
801049.1916424,0.6089,0.6781412373007606,0.3736967616785255,-0.07,0.755,0.9983556468136364
801049.3922228,0.2414,0.4978034354465087,0.37710909119227043,0.4,0.747,0.9981934681792385
801049.5916068,-0.139,0.5335585425834634,0.603075976801756,0.31,0.731,0.9979842174579652
801049.7929668,0.0135,0.5644932274846204,0.5577497709947136,0.41,0.745,0.9977767956609029
801049.9919324,0.1461,0.6047464836887338,0.5317192681896915,0.37,0.752,0.9973449548046687
801050.1921514,0.1267,0.6905908645406207,0.6272485608348127,-0.07,0.705,0.9970036103284161
801050.3916511,0.077,0.7922617371919006,0.7537667588343067,0.4,0.651,0.9974573226240505
801050.5919222,0.065,0.7552443156477981,0.7227199113457433,0.09,0.678,0.9969853926065558
801050.791983,0.7228,0.8540557566603275,0.49266231623565415,0.08,0.725,0.9965310276455253
801050.9919624,0.9727,0.9454321858850083,0.4590808453911779,0.43,0.761,0.996846602016693
801051.1917857,0.9797,1.1003244962317,0.6104932804945559,0.57,0.775,0.9977340035303724
801051.3913924,1.0004,1.1513157225605484,0.6511063204740734,0.74,0.77,0.9983224699151358
801051.5918717,1.0482,1.1284223779178848,0.6043045950054327,0.36,0.77,0.9979525271881456
801051.7933477,1.0496,1.1608326614234845,0.6360450775511683,0.01,0.757,0.9978423470412013
801051.9917176,1.1502,1.1886183586367378,0.6135122168586208,0.21,0.776,0.9981263807387069
801052.1915844,1.156,1.1962874856443646,0.6183106588406232,0.19,0.79,0.9980767877740625
801052.3921891,1.2276,1.2589100161177114,0.6451326866302203,-0.1,0.8,0.9979029992039821
801052.5919929,1.2855,1.466229499800017,0.8234678321126261,0.13,0.812,0.9968456431529338
801052.7922269,1.3227,1.4684954260179983,0.8071523896112315,0.35,0.802,0.9960896270003087
801052.9920189,1.3365,1.5695522250343266,0.9013095004128395,0.01,0.802,0.9966448351984218
801053.1919145,1.3918,1.6588153725328352,0.9628904678718544,0.06,0.829,0.9966871280459798
801053.3921195,1.4126,1.7543282686186399,1.0480217037941313,0.29,0.844,0.9971049885346324
801053.5920941,1.439,1.9040271617441407,1.1845248133077797,0.11,0.838,0.9970255223889658
801053.7927339,1.4557,1.92553126376372,1.1976639580407855,0.11,0.79,0.9970754680350493
801053.9920727,1.464,1.893091363782689,1.161100504636638,0.06,0.786,0.9971378701264474
801054.1920244,1.4909,1.8547715820856934,1.1093386382779709,0.11,0.797,0.997205136543839
801054.3914098,1.5142,1.8001088364652666,1.0429886899340899,0.25,0.788,0.9966724649612787
801054.5928806,1.5204,1.6743408121219985,0.9141474401753403,0.01,0.772,0.9961112818760581
801054.7919316,1.5148,1.5508936608765087,0.7935111580146967,0.24,0.815,0.9960110983663701
801054.991717,1.4592,1.340304918754795,0.6106875228066649,0.47,0.759,0.9953878910715226
801055.191894,1.4249,1.3361373579122358,0.6236841921776936,-0.08,0.727,0.9961255585600941
801055.3921247,1.2555,1.249789714380653,0.6220569866319144,0.4,0.693,0.9965630205032477
801055.592212,0.8129,1.0039056101625594,0.5974385356651858,0.57,0.677,0.9971762845425887
801055.792489,0.7908,0.953390132387863,0.5579853650198249,0.9,0.752,0.9976186810744325
801055.9916129,1.0595,1.0725530940002697,0.5428035834480611,0.24,0.766,0.998128123556825
801056.1916046,1.352,1.1848721275014007,0.5088918658540349,0.09,0.788,0.9979556394857145
801056.391773,1.4832,1.292859893415651,0.5512644835745536,0.31,0.796,0.9973362993233055
801056.5922338,1.4925,1.2626606420530242,0.5164022178403509,-0.09,0.807,0.9969953215792435
801056.7919624,1.4438,1.2796039893584155,0.5577224124707725,0.0,0.794,0.9964620091047072
801056.9920736,1.4419,1.4610783460464227,0.7401210724884517,0.12,0.826,0.9972036167876526
801057.1915775,1.4606,1.636705809728378,0.9064245367517255,0.16,0.804,0.9977495685353676
801057.3916465,1.4395,2.03234719882402,1.312620505097679,0.49,0.813,0.9981079096994935
801057.5919858,1.4756,2.2819728540657693,1.5441825007118521,0.37,0.822,0.9983972552802608
801057.7915488,1.5167,2.2921717966139674,1.533844616228874,0.18,0.812,0.9986043910176833
801057.9934083,1.5488,2.261555382859118,1.487132805082749,0.49,0.801,0.9988640462881526
801058.1915898,1.5685,2.3087487981538724,1.524510624420099,0.15,0.798,0.9990624961502562
801058.3921361,1.5879,2.2945084513180585,1.500581821789305,-0.05,0.8,0.9988700547503421
801058.5915127,1.6258,2.3005774822387512,1.4876640054981825,0.24,0.8,0.9989710608061755
801058.7917582,1.7389,2.2067234531932494,1.3372790322622938,-0.02,0.802,0.9988989920276552
801058.9918644,1.7993,2.1046940959732887,1.2050396618568127,-0.11,0.788,0.9984090646712583
801059.1920261,1.8522,1.8600704020468126,0.9339644032308702,-0.15,0.824,0.9984286995789085
801059.3919694,1.8559,1.4471672366411703,0.5192203444117574,0.12,0.824,0.9979568611082597
801059.5917283,1.2625,1.0787966913141076,0.44756245868051064,-0.05,0.798,0.9980816515257808
801059.7918692,1.376,1.0931917679604364,0.40520991020283503,-0.02,0.815,0.9981804720648166
801059.9920221,1.552,1.1001709091584067,0.324194934616258,0.17,0.828,0.9976855495675037
801060.191599,1.2587,1.027557215598542,0.3982256863231363,0.23,0.818,0.9975207661454979
801060.3915731,1.4661,1.0565434606808946,0.3235031814096565,0.34,0.838,0.997597891161377
801060.5914372,1.6008,1.1320021156594338,0.33157771698599947,0.41,0.829,0.9979288372497116
801060.791941,1.6414,1.0886562281149808,0.26795930252651634,0.11,0.836,0.9984374519774187
801060.9913225,1.5269,1.0509220227868707,0.28747963993333303,0.27,0.841,0.9981360796400394
801061.1918425,1.3032,1.0329796793699664,0.38137413451600916,0.23,0.827,0.9980014403343376
801061.391425,1.3271,1.034362573274009,0.3707985983643806,0.01,0.813,0.9978979435409537
801061.5916393,1.381,1.061365285678578,0.370854077062029,0.1,0.807,0.9977856235231337
801061.7920184,0.9517,0.9707699155146398,0.4949040658202435,0.31,0.792,0.997678749311729
801061.9914522,0.6861,0.9382503870794812,0.5951825035483228,0.13,0.765,0.9975294984517686
801062.1918054,0.0679,0.7592043924818767,0.7252315580601356,0.15,0.761,0.9965382842592776
801062.3916258,-0.3978,0.8215663668611781,1.020475024310321,0.65,0.648,0.994459470527238
801062.5921617,-0.7506,0.7753031287235402,1.1506092880477046,0.28,0.647,0.9956932699598
801062.7920431,-0.7067,0.6551864370642394,1.0085251605843837,0.69,0.628,0.9953000409571516
801062.9920357,-0.3704,0.6657489303653082,0.8509621375700023,0.76,0.669,0.995604805811905
801063.191724,-0.2221,0.6870546863159834,0.7980883108424317,0.75,0.644,0.9963075720057861
801063.3919358,-0.1744,0.763168035245133,0.8503843374961604,0.87,0.637,0.9956304337588053
801063.5916316,-0.2416,0.7222497411659714,0.8430258460156748,0.42,0.637,0.996633618389635
801063.7918935,-0.1727,0.6864966720582706,0.772854494312897,0.39,0.636,0.9966860383483164
801063.9916686,-0.2104,0.6974580612857868,0.8026637102928604,0.35,0.639,0.9968484852976474
801064.191872,-0.0575,0.7341550647855805,0.7628930302452772,-0.09,0.628,0.997148449581033
801064.3918724,0.1437,0.7068359324927416,0.6349956772625048,0.57,0.704,0.9971392217142526
801064.5915906,0.8231,0.8704823227884332,0.45892141104236217,0.63,0.687,0.996731744497229
801064.7914284,0.9546,1.0840126464705033,0.6066923569816353,0.59,0.656,0.9970754330230374
801064.991827,0.9194,1.0433538530067332,0.5836453504652006,0.84,0.632,0.9973568029653734
801065.191981,0.8476,0.960269210813066,0.5364935866272719,0.94,0.666,0.9962193679852012
801065.3919873,1.1207,0.8884545864302876,0.32810957902302323,0.3,0.697,0.9972484760754734
801065.5918864,1.1949,0.8705378701659379,0.2731102425183458,0.25,0.711,0.9978657431177272
801065.7918749,1.2629,0.8876296076446675,0.25619416030555736,0.79,0.719,0.997141922911779
801065.9916528,1.4713,0.8955568407068011,0.15990539630515607,0.1,0.739,0.9978055255393177
801066.1916353,1.4912,0.9111700794650596,0.1655755283887593,0.11,0.752,0.9974675321873419
801066.3919768,1.2065,0.8330313896957284,0.2298041568803017,0.62,0.746,0.9969229662583664
801066.5919637,0.3685,0.5730678445739242,0.38884063003676644,0.11,0.741,0.997982454984487
801066.7917576,-0.1213,0.500765383994895,0.5614144757661167,0.16,0.68,0.9974119321663625
801066.9920817,-0.3169,0.4818373675981783,0.6402900619788272,0.32,0.68,0.9976632643588915
801067.1927962,-0.4094,0.45153795813747466,0.6562581864169422,0.71,0.69,0.9977631306354311
801067.3922983,-0.7016,0.3936991919230628,0.7445039441940267,0.84,0.657,0.996950631513548
801067.5921758,-0.6293,0.48573237706041467,0.8003976313489372,0.45,0.706,0.9977723235216595
801067.7919366,-0.5965,0.5690321852693551,0.867260737979889,0.35,0.666,0.9973389155241399
801067.9917251,-0.6165,0.6121453118950624,0.9203819572930101,0.5,0.619,0.9979937982228828
801068.1926379,-0.6607,0.6223616929544518,0.9527354014910262,0.06,0.64,0.9983502731486571
801068.3917469,-0.7769,0.5474064682373871,0.9358706333869353,0.63,0.649,0.9978606345461635
801068.5921791,-0.9153,0.49326369444485096,0.9508930961743748,0.34,0.654,0.998212758808723
801068.7920645,-1.2317,0.35327743893960656,0.9691049912341481,0.17,0.704,0.9981084334076936
801068.9918939,-1.0216,0.404039890386976,0.9148520782697136,0.48,0.724,0.9982715114587879
801069.1917202,-0.9234,0.4130164768676998,0.8747322298935539,-0.13,0.684,0.9982988203457647
801069.3921915,-0.4921,0.5625206026935662,0.8085510680169979,-0.82,0.71,0.9978214227451283
801069.5918697,-0.5537,0.4113109772270727,0.6881633752871733,-0.43,0.676,0.9978637162043859
801069.7916917,0.9859,0.9141170229998934,0.42115226548685963,-0.04,0.761,0.9980846467263211
801069.9915886,1.2412,1.020967637004233,0.4003630037878237,0.51,0.821,0.9980049771182795
801070.1921582,1.3535,1.197306256161611,0.5205700786413648,0.59,0.826,0.9982065679705578
801070.3919901,1.4028,1.3399324092730038,0.6385318866510515,0.2,0.82,0.9981914378764705
801070.5916829,1.3862,1.4097703122530167,0.7166672337489302,0.38,0.814,0.9979945483824447
801070.7914713,1.3923,1.4309975561241783,0.7348627634579232,0.05,0.794,0.9981416547209574
801070.9920609,1.4332,1.4365115131317958,0.7199304611015764,0.08,0.752,0.9983920301717017
801071.1915615,1.4646,1.447146402539214,0.7148405389879188,0.04,0.767,0.9981285912107339
801071.3921397,1.5517,1.4568781636483863,0.6810240373216856,0.28,0.761,0.9978400730574172
801071.5921105,1.5556,1.6339399671993164,0.8561592322356195,0.44,0.734,0.9981811062997308
801071.7917403,1.5029,1.434014228967383,0.6825764319688992,0.32,0.708,0.9977647977420292
801071.9928319,1.491,1.4456075926957417,0.700084773185448,0.44,0.717,0.9984951760042936
801072.191932,1.4713,1.2998250030292968,0.5641597044256753,0.56,0.692,0.9989907337358713
801072.3920606,1.3848,1.2218093876546638,0.5294266691058068,0.58,0.707,0.9980948046626935
801072.5919354,1.4476,1.1435431393173137,0.4197533573711453,-0.06,0.7,0.9984633641515986
801072.7926689,1.529,1.1098825442607572,0.34540330596610197,-0.0,0.682,0.9986189197953487
801072.9921342,1.4394,1.106532754857621,0.3868126859871264,-0.01,0.737,0.9981858486136848
801073.1917738,1.4205,1.1028409558427588,0.3925671564150348,-0.38,0.753,0.9984769152111034
801073.391668,1.2841,0.9958257618568903,0.3537903597852606,0.1,0.758,0.9978159779768789
801073.5920531,0.5543,0.6834599806547412,0.40632066551462853,0.47,0.781,0.9976129568457727
801073.7914592,0.0297,0.4853636314790534,0.47053852831008336,0.23,0.803,0.9975886812500331
801073.9919378,-0.7539,0.30913274038837235,0.6860950001930963,0.22,0.727,0.9974848833686959
801074.1919039,-1.0273,0.2619947624962037,0.7756449593025294,0.48,0.655,0.9978143976642267
801074.3916788,-1.0539,0.3323484827002957,0.8593211048985452,0.14,0.651,0.9976334514053651
801074.5914539,-0.744,0.3036124520856896,0.6756035350280879,0.44,0.683,0.9977574584316652
801074.7915706,-0.3884,0.38096123118942576,0.575150908608147,0.67,0.735,0.9979163064743086
801074.9914507,-0.4761,0.36016427413779795,0.5982353216719115,0.85,0.717,0.997828255343631
801075.1916964,-0.4041,0.37487082951638706,0.5769389611129423,0.7,0.697,0.9977769275062328
801075.3918605,-0.0887,0.4275045596663424,0.4718766894673682,0.39,0.719,0.9980336100060619
801075.5919599,0.1141,0.468629763767533,0.41160346437083584,0.28,0.722,0.9973539023372269
801075.7919216,0.2354,0.5184889579293268,0.4007992149422001,0.15,0.718,0.9968021522870615
801075.9919485,0.6243,0.6218140544447504,0.3096526362188383,0.23,0.762,0.9973164477838246
801076.1915928,0.7479,0.6936403781276047,0.3196680252458094,0.03,0.797,0.9978425853585388
801076.3919,1.2797,0.8385953167312309,0.19876345843346183,0.4,0.806,0.9975782623806717
801076.5917541,1.3551,1.0163027852057236,0.3387328806938116,0.28,0.797,0.9976546005560889
801076.7919881,1.5165,1.1838107124438997,0.4255662008471108,-0.0,0.765,0.9981663364260769
801076.9919628,1.5592,1.4999516048764732,0.7203413594873705,0.31,0.793,0.998263734607851
801077.1922831,1.5848,1.5542414771556412,0.7618493598621002,0.26,0.8,0.9986680782908713
801077.3958517,1.5982,1.5444025177097747,0.7453240978701732,0.2,0.794,0.9986716229143879
801077.5919504,1.6048,1.5413636142988796,0.7389516613580935,0.3,0.793,0.9979827487770083
801077.7916745,1.6292,1.564399267548874,0.7498191247095859,0.2,0.798,0.9977498810280531
801077.9921904,1.6388,1.5718426489579949,0.7524618825588633,0.07,0.791,0.9982030581764644
801078.1924957,1.6589,1.6255894637601134,0.7961499118161744,-0.02,0.778,0.9978608468681212
801078.3916727,1.6643,1.6087092436913657,0.776539928822042,0.1,0.778,0.9975460051529704
801078.5919902,1.6666,1.477701890590288,0.6443848129246287,0.16,0.758,0.9979899059876702
801078.7919261,1.6247,1.3449353640775126,0.5326004083079058,0.2,0.775,0.9976336382188606
801078.9917069,1.2859,0.9956054303737276,0.3526409398547725,0.24,0.739,0.9981646010500267
801079.1917387,1.2695,1.0350499183858046,0.400288331840222,0.18,0.725,0.9984371449504527
801079.3918573,1.3109,1.0629546776865042,0.4074872294569015,0.18,0.699,0.997692846061405
801079.5918634,1.259,1.019199528894217,0.38971650383400347,-0.18,0.703,0.9977664743320598
801079.7922394,1.203,1.0802366915524326,0.4787134380177319,0.41,0.712,0.9970967555869835
801079.9918967,1.2231,1.1278242180869196,0.5162854171240098,0.72,0.749,0.9967006762349705
801080.192836,1.5736,1.3155512807466179,0.5287750222602781,0.42,0.751,0.9964951203661194
801080.391497,1.6291,1.320190126852552,0.5056389456432874,0.03,0.708,0.9966759945939646
801080.5919751,1.6486,1.4484202318113908,0.6241153979470409,0.45,0.729,0.9965456461160628
801080.7917716,1.6956,1.5581747057718223,0.7103658584583551,0.24,0.758,0.9963850551130603
801080.9921179,1.7083,1.579494163064521,0.7253499202842105,0.03,0.74,0.9972710309440116
801081.1920802,1.7138,1.5198337150213646,0.6629260358067636,-0.09,0.742,0.9975142809231872
801081.3918987,1.717,1.523927078169949,0.6654314995075026,0.4,0.751,0.9972356464069316
801081.5919831,1.7339,1.6984666272627342,0.8314926853773742,0.18,0.758,0.9977335955338476
801081.7913986,1.7459,1.7094509643883342,0.8365028875274915,-0.1,0.766,0.9977785409070289
801081.9919554,1.7431,1.7502340163258938,0.8786764895804096,0.44,0.752,0.9977047658838798
801082.1917284,1.6728,1.597173639698553,0.7607810714127067,0.48,0.732,0.9981296270349655
801082.3919463,1.7195,1.5202147260479264,0.6604586073015066,0.48,0.75,0.9981415477140849
801082.5919863,1.7291,1.5022833686769281,0.6377574375779888,0.32,0.737,0.997168316851388
801082.7920553,1.7282,1.5602692688113944,0.6961752320914726,0.45,0.726,0.9973288068100705
801082.9919073,1.8285,1.6054909827107808,0.69125689034171,0.15,0.762,0.9975402483804999
801083.1918349,1.8188,1.7434439958862977,0.8340231580994245,-0.22,0.781,0.9968826410820946
801083.3922519,1.8548,1.7172131961914503,0.789833647792218,0.21,0.779,0.9965384209040987
801083.5914631,1.8777,1.6493665140793987,0.7105192745502912,0.2,0.757,0.9959275308958967
801083.7916108,1.8933,1.6102949063617324,0.6636309875232433,-0.08,0.755,0.9961414903170932
801083.9925758,1.8833,1.5328315995989976,0.5911811524595109,0.17,0.77,0.9962138554298393
801084.1915941,1.8608,1.4612452795404227,0.5308344975733735,0.17,0.78,0.99670585835237
801084.3915344,1.932,1.4739903076711474,0.5079745347316624,0.09,0.793,0.9969147338106582
801084.5918939,1.9456,1.374151778657868,0.40136489474397413,0.18,0.789,0.9968103651585257
801084.7917522,1.9533,1.3750319423058452,0.3983936780303284,0.52,0.808,0.9973957074110715
801084.9920171,1.9334,1.3797272251340882,0.41303227096468137,0.63,0.811,0.9973126494930368
801085.1919701,1.915,1.2430357261219587,0.28556069883972407,0.17,0.806,0.9977349722686102
801085.3913946,1.8927,1.2772193917167307,0.33085957363334534,0.15,0.8,0.9975034705502186
801085.5919837,1.7938,1.159018103584358,0.26211901114211883,0.29,0.806,0.9977759658139137
801085.7919736,1.8043,1.1874850620385282,0.28535841257088335,-0.17,0.81,0.9973536200978838
801085.9919331,1.8122,1.2085567073216732,0.30244716535608596,-0.05,0.832,0.9965166906594873
801086.1914037,1.887,1.2987130927817183,0.35519356865097335,0.04,0.841,0.9970561030044673
801086.3922643,1.7328,1.2644500359009199,0.3980749102791754,-0.11,0.817,0.9967206648624208
801086.5926808,1.8544,1.3024738056574197,0.3752741506048891,0.24,0.795,0.9967275301401599
801086.7920356,1.4124,1.0524291481105263,0.34623058764131304,0.3,0.73,0.9963346365408448
801086.9919539,1.1782,0.9928521092729128,0.4037376597400224,0.43,0.713,0.9959848614357522
801087.1919284,1.1653,1.0245706195692272,0.4419332305611452,0.59,0.685,0.9970370579898025
801087.392234,1.1744,1.0077143587901496,0.42051839344699415,0.6,0.701,0.9973398984116336
801087.5917915,1.584,1.1142582979372953,0.3222621790978034,0.79,0.713,0.9972387858136358
801087.7918346,1.511,1.066517401284313,0.3110245044107084,0.49,0.675,0.997845908001192
801087.9916715,1.6058,1.1163965565941196,0.31351332054504916,0.09,0.654,0.9974282902388483
801088.1917189,1.5395,1.0536396451653127,0.28389975582359633,0.37,0.647,0.9978822092981074
801088.3917435,1.7094,1.0958043242938726,0.24111144003875448,0.33,0.638,0.9983390101422789
801088.5920445,1.7227,1.0635955683607594,0.2022306247431189,0.22,0.667,0.9978376153243226
801088.7920619,1.803,1.0810889041683434,0.17960618309168128,-0.25,0.687,0.9975854079306172
801088.9920268,1.6244,0.9871285831827943,0.17491793512367484,0.31,0.695,0.9973569779854935
801089.1921069,1.3386,0.9414947266472264,0.27219120202724895,0.19,0.723,0.9975665648188
801089.392198,1.1613,0.8872499947997805,0.3065813552227628,-0.2,0.68,0.9975166080096136
801089.5915302,0.5345,0.7132168284508369,0.4459907746962436,0.02,0.665,0.9975299698552125
801089.7919656,0.0515,0.6686430885704551,0.6429167028244858,0.3,0.693,0.9978506420076666
801089.9919308,0.1948,0.7106271124467262,0.6132175011437526,0.81,0.719,0.9977521067768651
801090.1919769,0.5502,0.7703107798756997,0.49521348524908493,0.27,0.758,0.9981421631992325
801090.3917424,0.9924,0.8876707646064916,0.391491731958804,0.15,0.757,0.9985721277343226
801090.5914811,1.2124,0.9851402147888672,0.37891652452897634,0.45,0.74,0.9984237108724331
801090.7915198,1.4358,1.0876215947191812,0.369744749922905,0.21,0.722,0.9985950302944573
801090.9917246,1.628,1.255428191716205,0.4414493109291014,0.16,0.747,0.9986743812481153
801091.1918672,1.6228,1.237552632329139,0.4261392148801035,0.42,0.762,0.9986727035152438
801091.3918287,1.6717,1.212154507861662,0.3762949589626875,0.12,0.781,0.9987404029475166
801091.5919959,1.6249,1.3528617235810152,0.5404343587104724,0.17,0.767,0.9985568658521047
801091.7919829,1.6677,1.4257439806344552,0.5918790936357349,-0.12,0.767,0.9985907499286586
801091.9919919,1.6544,1.325046853475541,0.4978586934170451,-0.09,0.733,0.9987058240874173
801092.1919508,1.547,1.2606742392634387,0.4871884320969354,0.16,0.719,0.9984994858601765
801092.3920109,1.3365,1.1000391717299547,0.43181173896697894,0.1,0.739,0.9984930914520668
801092.592263,1.1968,1.0398196681540133,0.4414424239889969,0.12,0.745,0.9985382928306871
801092.7919409,1.007,0.9199729187603044,0.41649496394576735,0.74,0.753,0.9982524867247484
801092.9924457,0.295,0.6818720214119514,0.534380778918257,0.02,0.727,0.9986361028006321
801093.1920313,0.474,0.7308472929542316,0.4938516205075,-0.13,0.715,0.9983585024373053
801093.3918171,0.9307,0.8264288517281477,0.3610895216294572,0.28,0.733,0.9978353415172632
801093.5918526,0.8459,0.8270146026518519,0.40407621768508795,-0.23,0.748,0.9980285873132498
801093.792087,0.5153,0.733566899848468,0.4759047769958102,-0.26,0.72,0.9977597119862714
801093.9920426,0.9567,0.86008335411042,0.38172366236373917,0.22,0.765,0.9972690759141312
801094.1914198,1.3456,1.0300095913125928,0.3571889134043211,0.17,0.804,0.9965507148904491
801094.3919141,1.7132,1.2670186066188205,0.4104304810108924,0.36,0.814,0.9963992598144443
801094.5915279,1.4717,1.4241806828509487,0.688333369303363,0.27,0.783,0.9958524409314615
801094.7914423,1.6184,1.55776655109655,0.7485556023299907,0.11,0.767,0.9955212988244413
801094.992015,1.6048,1.5871560125477453,0.7847676934959562,0.19,0.766,0.9950966605209481
801095.1914191,1.8007,1.6527380283127784,0.7523873818855108,0.14,0.793,0.9949167277107707
801095.3915673,1.8054,1.6345555824189433,0.7318732088595477,0.05,0.774,0.9949384013049866
801095.5917713,1.9134,1.671096092306275,0.7143927785787972,0.21,0.777,0.995562696697401
801095.79187,1.9133,1.7211054202011629,0.7644508102164145,0.18,0.785,0.9956126901122946
801095.9918142,1.8666,1.6783942837095913,0.7450796014801452,0.36,0.799,0.9958487520381895
801096.191752,1.734,1.6091865207055893,0.7421656586913697,0.47,0.763,0.9958330570614454
801096.3917651,1.5113,1.425816656189649,0.6701472147049131,0.33,0.661,0.9964742636106103
801096.5920824,1.523,1.3200757379865091,0.5585879274451901,0.27,0.647,0.9962362721456205
801096.7921518,1.1623,1.1117396890384468,0.5305792503186317,0.57,0.62,0.9960054033247482
801096.9919281,1.1882,1.0579448967562104,0.4638249264574464,0.62,0.632,0.9964600687113795
801097.1920815,0.4783,0.7786997500711057,0.539553450122326,1.03,0.592,0.9951335184764956
801097.3922523,0.0606,0.6159946322826747,0.5857073754575318,0.95,0.545,0.9953274915469732
801097.5928336,-1.1295,0.44012185342203286,1.0048691423162854,1.18,0.505,0.9964348075721714
801097.7919735,-1.4625,0.4422727488464911,1.1735057887946312,1.25,0.503,0.9971437759179663
801097.9919723,-1.5986,0.4161770616440651,1.2154600056826392,1.47,0.528,0.9967361733091925
801098.1914425,-1.5789,0.3791224732999742,1.1685602551962608,0.4,0.507,0.9965307062852424
801098.3917376,-1.404,0.3773940142947544,1.0793912930622143,0.12,0.595,0.9971753263932038
801098.5919744,-1.5075,0.34498933100474866,1.09875322247611,0.75,0.582,0.9975392675266391
801098.7922663,-1.4895,0.3533667403865813,1.098112787296082,0.19,0.57,0.9978052379974723
801098.9919485,-1.3242,0.4335889338381005,1.0956731818060146,0.48,0.599,0.9975731091237017
801099.1916696,-1.3086,0.39874703112788557,1.053029587128841,1.0,0.615,0.9970196827651312
801099.3919862,-1.3804,0.3749496168829162,1.0651686657456054,0.53,0.647,0.997348509243601
801099.5919898,-1.2677,0.4205018685030768,1.054374555052645,0.86,0.593,0.9981108845464239
801099.7919673,-1.1275,0.39451815824401915,0.9582831736294504,0.3,0.541,0.9974172889508383
801099.9918652,-1.0601,0.418184777342926,0.9482381110907342,0.22,0.5,0.9965165821297495
801100.1918445,-1.116,0.40132251222401816,0.9593317912539234,0.83,0.512,0.9964991996536475
801100.391831,-1.3804,0.33761229673299337,1.0278066211581753,0.82,0.52,0.9962518321917248
801100.5914334,-1.2811,0.3541832058322558,0.9947440973363432,0.48,0.515,0.9961134541257753
801100.7914441,-1.0537,0.42080456851263637,0.9476308090858226,1.33,0.528,0.9960456542931752
801100.9928809,-1.0066,0.48363924392316776,0.9869477688747935,0.64,0.499,0.995323834907504
801101.191902,-0.9574,0.5679333818440723,1.0466298720134812,0.53,0.502,0.996633078968246
801101.3921191,-0.9086,0.4815579763569771,0.9358715814163947,0.65,0.576,0.9966662305021946
801101.5918943,-0.9442,0.4212478615699335,0.8933360671174662,0.15,0.623,0.9964365761198358
801101.7920819,-0.951,0.5173559824836754,0.9928548265612547,-0.2,0.657,0.9970827248512364
801101.9914892,-0.9832,0.5331982947279023,1.0247860404718618,0.38,0.699,0.9967919708271918
801102.191985,-1.0367,0.555231983507156,1.073595072320488,-0.11,0.702,0.9975612882139635
801102.3919403,-0.9556,0.5293679026080605,1.0071882081216124,-0.23,0.704,0.9972712761711128
801102.5916138,-0.8451,0.4697061362596519,0.8922362267205476,0.13,0.687,0.9966748553504622
801102.7914338,-0.9759,0.3791854454811528,0.8671392197195364,-0.08,0.724,0.9970533370364544
801102.9919786,-0.8777,0.4093886901057804,0.8482270658290018,0.07,0.722,0.9975193088902454
801103.1921398,-0.8842,0.3915115852595218,0.8336297705919793,0.51,0.745,0.9970507800423104
801103.3921431,-0.8968,0.438235380008522,0.886611622229932,0.09,0.722,0.997353763647487
801103.5923026,-0.871,0.554800290466319,0.9903203455622187,0.29,0.682,0.9971540944385947
801103.7919675,-0.9338,0.5131518125854896,0.9800314280113296,0.35,0.687,0.9969269260003621
801103.9919634,-1.074,0.3349133589403304,0.8719311422164433,0.06,0.684,0.9973789827577093
801104.1919548,-0.8377,0.30809150203836294,0.7269455877469841,0.04,0.737,0.9972142992647354
801104.3918917,-0.9964,0.2150591608212394,0.7132697067604783,0.38,0.732,0.9980800252063124
801104.5925049,-1.1086,0.2506433643492179,0.8049591763706465,0.69,0.745,0.9980729354925578
801104.7921846,-1.027,0.36753060188033815,0.881029722002112,0.82,0.732,0.9974403327039925
801104.9922353,-1.0668,0.30701107846073045,0.8403948952882188,0.1,0.739,0.9975142370800484
801105.1921891,-1.028,0.34338851915027846,0.8573711253702693,0.1,0.707,0.9974602327437984
801105.392621,-0.9332,0.3293532045362548,0.7959509478287107,0.32,0.732,0.9972708896074971
801105.592081,-0.6124,0.47483334116580467,0.7810319969322645,-0.21,0.759,0.9978349909581568
801105.7920515,-0.4247,0.6084869048208058,0.8208582792182038,0.24,0.742,0.9973265863560323
801105.991797,-0.4009,0.5674303940920951,0.7678831413277626,0.63,0.75,0.9975660569777951
801106.1918407,-0.6249,0.47826851721752467,0.7907309815723728,0.53,0.682,0.9979848752998158
801106.3918351,-0.5591,0.5155237643809103,0.7950895803145873,0.46,0.679,0.9981344839451737
801106.5927565,-0.4897,0.5550917600154442,0.7999359001414286,0.14,0.677,0.9983952822960586
801106.7917895,-0.4223,0.5734857222153108,0.7846539259248608,0.28,0.69,0.9978618207437866
801106.9918355,-0.2632,0.6149853135184294,0.7466092965852628,0.1,0.677,0.9980148578848285
801107.1919918,-0.1708,0.6774655947320423,0.7628635389929306,0.11,0.693,0.9979443015212061
801107.3924577,-0.188,0.7054826738999314,0.7994700174095424,0.2,0.693,0.9975985965860945
801107.5914176,-0.2226,0.6903720442865118,0.8016836262317515,0.17,0.654,0.9980941718353536
801107.7920147,-0.2499,0.6419311095090805,0.7668605578348316,0.5,0.665,0.9976007567969125
801107.9917066,-0.3135,0.5633224471738633,0.7200676767688693,-0.02,0.669,0.9979741002348322
801108.1919298,-0.3657,0.5196166971894267,0.702442187425703,0.34,0.647,0.9980955524484667
801108.3914288,-0.389,0.47599009858178926,0.6704729605882531,0.67,0.667,0.9973225847434167
801108.5912742,-0.3161,0.4477393758142973,0.6058023667318072,0.59,0.688,0.9976385213929089
801108.7919444,-0.3446,0.5727361251796617,0.7450481532450541,0.71,0.666,0.9967895442579018
801108.9923243,-0.4768,0.505958470685607,0.7443482624797759,0.82,0.669,0.995877912449696
801109.1913689,-0.5977,0.4672756212974962,0.7661156473059321,0.25,0.663,0.9964797430830918
801109.392164,-0.6303,0.5553523255335188,0.8704980542580221,0.6,0.633,0.9946585515646166
801109.5918567,-0.6685,0.5478008856498618,0.8820463941489366,0.49,0.659,0.9942495398889692
801109.7919297,-0.6108,0.6191753990799885,0.9245668842956737,0.48,0.668,0.9947725941304623
801109.9920186,-0.5912,0.6271282003751949,0.9227413555961809,0.31,0.647,0.9954533502722063
801110.1921779,-0.5925,0.4286031223659927,0.7248463117857048,0.98,0.692,0.995935093344893
801110.3915831,-0.6142,0.3671145879412796,0.6742163928758256,1.02,0.71,0.995863730751842
801110.5919506,-0.6842,0.40860734769206447,0.750698115512732,0.67,0.696,0.9972191295649251
801110.7916885,-0.6653,0.3475897657754594,0.6802225669276458,0.93,0.691,0.99652706332104
801110.9914697,-0.5819,0.3656900153674951,0.656644530318122,0.41,0.672,0.9964570917658268
801111.1925259,-0.5726,0.314350665048377,0.6006306774556258,0.07,0.669,0.9969097583141167
801111.3919705,-0.4197,0.2821978324018352,0.4920527299464951,0.45,0.662,0.9961649721600961
801111.5920135,-0.4161,0.27538219684371895,0.48341716214105585,0.06,0.653,0.9970493580090987
801111.7921036,-0.4122,0.30556267382934554,0.511671330864933,0.01,0.598,0.9971976836050318
801111.9933068,-0.3975,0.3291949515478624,0.5279636972101992,0.88,0.581,0.9972361970947007
801112.1920055,-0.4602,0.3262104170579535,0.5563248022952038,0.7,0.521,0.9968480867803923
801112.3919555,-0.4878,0.396248754157318,0.6401339551297166,0.74,0.483,0.9970759186376956
801112.5927215,-0.4804,0.38391468240920684,0.6241083534897732,1.27,0.468,0.9975960921249271
801112.7920705,-0.5378,0.36860992132486936,0.6375009684956161,0.82,0.44,0.9977747075025557
801112.991406,-0.6355,0.3510408703172098,0.6687716509339231,0.98,0.419,0.9981768315660601
801113.1918344,-0.6025,0.34708253369129544,0.6483475096272953,2.02,0.346,0.9975957787724637
801113.39174,-0.5907,0.429210168506338,0.7245551390298489,1.55,0.351,0.9970673148788992
801113.5922775,-0.5052,0.5236343988445741,0.7762386993424429,1.33,0.299,0.9972591854974464
801113.7920056,-0.5701,0.4866265281306328,0.7716521312042437,1.42,0.406,0.9972097500267401
801113.9917476,-0.5897,0.3792806570289939,0.6741073891427145,0.91,0.449,0.9972091064599485
801114.1917841,-0.5696,0.5135568742675553,0.7983539471210963,0.02,0.436,0.9976473927269717
801114.3917553,-0.5523,0.5131424564522751,0.789310684450977,-0.16,0.427,0.9971231133404664
801114.5919468,-0.6311,0.4035275426295929,0.7190611029179282,0.2,0.448,0.9966379498883982
801114.7923522,-0.6287,0.2922303200401115,0.6065699461578448,0.11,0.522,0.9968882691256301
801114.9916577,-0.601,0.32181352102698296,0.6223156871352475,0.31,0.551,0.996573294296211
801115.1920586,-0.6063,0.37977767752049485,0.6829030857852797,0.73,0.593,0.9968503702921542
801115.3922015,-0.5341,0.40216774885516876,0.669237408986462,0.27,0.581,0.9966441276765996
801115.591792,-0.5076,0.3986909249563638,0.652510031757335,-0.0,0.62,0.9957367325137733
801115.7915171,-0.4231,0.5176822261057811,0.7292086489514459,0.34,0.604,0.9951687847469652
801115.9919073,-0.4588,0.45742075925077186,0.6868404425444495,-0.15,0.654,0.9964571803953695
801116.1920911,-0.4556,0.3614498913476847,0.5892632783048803,0.38,0.712,0.9970932177932084
801116.3917438,-0.4965,0.23650665261100212,0.48474753988798674,-0.05,0.75,0.9975512542651761
801116.5914384,-0.3866,0.3234644614746809,0.5167742018344252,0.17,0.776,0.9970917856331512
801116.7916036,-0.4277,0.35598238555529665,0.5698283170477063,0.41,0.785,0.9974820837453389
801116.9919163,-0.4708,0.24561532097567423,0.4810155452173603,-0.04,0.787,0.9981302676908854
801117.1919766,-0.3592,0.28350027516894455,0.463077012933227,0.09,0.781,0.9984276622118027
801117.3922544,-0.3991,0.3268034552278597,0.5263606978892835,0.11,0.804,0.9982977521876214
801117.5914133,-0.3254,0.3669208110768296,0.5296013906242978,0.26,0.814,0.9977074386825194
801117.7917656,-0.3128,0.35360622919776014,0.5100166887015423,0.25,0.787,0.9980005164138089
801117.9919637,-0.2789,0.3464986584411367,0.48595475891912493,0.21,0.75,0.9975490706055599
801118.191964,-0.2469,0.38594675161694453,0.5094013626593623,0.41,0.715,0.9974513596031496
801118.3919905,-0.2163,0.3912484788111763,0.49940877326765515,0.4,0.709,0.9975653557131704
801118.5914614,-0.236,0.354200733049648,0.4721807336718141,0.18,0.698,0.9963801431791437
801118.7920275,-0.2653,0.3475588218832176,0.4802291428391731,0.43,0.682,0.9961532050102776
801118.9932735,-0.326,0.3393902276234176,0.5023888986912282,0.59,0.671,0.9971498951420412
801119.1916878,-0.4355,0.2105220126839034,0.42824751586929577,0.31,0.691,0.996565348468387
801119.3921347,-0.3597,0.23713474568986198,0.416976460675055,0.87,0.689,0.9973614867695852
801119.5919264,-0.4036,0.25594626850076446,0.45773176173602476,0.27,0.637,0.9978168311547031
801119.7920502,-0.2972,0.3241082670914728,0.4727236789426279,0.32,0.634,0.9973586441682786
801119.9920674,-0.2846,0.3982561504906491,0.5405384734837468,0.6,0.636,0.9978285449907063
801120.1913845,-0.3878,0.3115215167664072,0.5054166276343567,-0.1,0.644,0.9973967239558253
801120.3915275,-0.3645,0.36892172118421507,0.5511853729656299,0.54,0.658,0.9978508938060882
801120.5917792,-0.3457,0.3433406872767197,0.5161974094644819,0.44,0.63,0.9979088266799243
801120.7917774,-0.1847,0.41312792626062084,0.5054952303865329,0.45,0.658,0.9973727638391772
801120.9919167,-0.1323,0.42996058324759395,0.49609112785050696,0.87,0.673,0.9975812848783212
801121.1919974,-0.1077,0.39042672923663235,0.4442657707447711,0.56,0.681,0.9976806874772683
801121.3919233,-0.1558,0.3311497960859136,0.40904382940421136,0.82,0.667,0.9976756886623989
801121.5915952,-0.1745,0.3783526537025966,0.46558183461508035,0.28,0.672,0.9979212027113279
801121.7920651,-0.2645,0.2999230396977559,0.43219010736376906,0.11,0.663,0.9979380864082125
801121.9929935,-0.2704,0.27887965385857616,0.4140676915472768,0.52,0.671,0.9974994463077569
801122.1914274,-0.2526,0.2511840171833041,0.3774898678269554,0.34,0.65,0.9974817839291213
801122.3920413,-0.2196,0.26154584341577347,0.3713269679845696,-0.36,0.622,0.9975953084787503
801122.591941,-0.1593,0.25540187400114933,0.33504906244106614,0.64,0.636,0.9972322630859556
801122.79237,-0.2244,0.4344295254542532,0.5466178013606143,0.72,0.604,0.9971798007025431
801122.9920836,-0.2076,0.376717981589803,0.48050812051081765,-0.52,0.577,0.9972005140519818
801123.1920865,-0.253,0.3616622039167174,0.48816664408804283,0.43,0.579,0.9968485886199238
801123.3918965,-0.1598,0.6072046898351977,0.6870925087660122,0.45,0.568,0.9969744829167451
801123.5914388,-0.0826,0.7220984223617294,0.7633813804930571,0.23,0.578,0.9969549802460532
801123.7921278,-0.0605,0.6308496857306943,0.6611164520175246,0.16,0.668,0.9967465573935756
801123.9917937,-0.0093,0.720898701115437,0.7255587851756564,0.11,0.667,0.9968286664775509
801124.1919123,0.0158,0.7110464092049245,0.7031312556543619,0.25,0.68,0.9970625640514735
801124.3920553,0.0018,0.7422426350092607,0.7413177238789057,-0.1,0.672,0.9973477768843165
801124.5914687,-0.0699,0.5088871707402366,0.5438333452978432,-0.16,0.695,0.9965475651614001
801124.791506,-0.0192,0.4930880401730213,0.5026739401669971,0.32,0.714,0.9967786423918394
801124.9922857,-0.0458,0.4472154806806513,0.47012302823740076,0.1,0.757,0.9967273483496638
801125.1918276,-0.0993,0.39574763207603036,0.44541126190696956,0.35,0.726,0.9969286288474857
801125.391509,-0.0768,0.43886326653656343,0.47726581200388773,0.23,0.705,0.9973296301213129
801125.5915205,-0.027,0.4519324101501536,0.46542652642640703,0.22,0.698,0.9968049037837315
801125.791722,0.0011,0.464944438984638,0.4644191002102451,0.73,0.66,0.9971874556010637
801125.992161,-0.0616,0.41681737809560593,0.44763864827886024,0.5,0.651,0.9971353717153594
801126.1913384,-0.0706,0.4300233848613075,0.4653475626226436,0.48,0.637,0.9977321856727195
801126.3921485,0.0107,0.4529587104039442,0.44761761550548096,0.6,0.651,0.9978219094041404
801126.5920685,-0.0269,0.39528784112241505,0.4087537774342861,0.27,0.636,0.9976837924852949
801126.7916682,-0.0147,0.40478070600225396,0.4121353316403019,0.39,0.648,0.997492973122816
801126.9928544,-0.0397,0.30319460895780576,0.3230546308009625,0.41,0.62,0.9969006968646483
801127.1924063,0.0459,0.28008693166457266,0.2571351747843932,0.38,0.65,0.9969661923896831
801127.391982,0.0727,0.26957618169402847,0.23323675788296877,0.8,0.6,0.9966428937417934
801127.5919946,0.0402,0.2895033742442104,0.2694233317426963,0.18,0.57,0.996756081141048
801127.7915587,-0.0593,0.2833854007501474,0.31301597205259013,0.46,0.609,0.9966458816731774
801127.9928647,-0.0695,0.33069825088203925,0.36545169996192844,0.53,0.555,0.9964375052625621
801128.1919793,0.0044,0.41333412070218006,0.4111467604457325,0.22,0.586,0.9962412686750963
801128.3918081,-0.0333,0.43161089116148754,0.44826893408653173,0.58,0.559,0.9961802922345859
801128.592312,-0.0206,0.4200662646197232,0.43034624216215567,1.3,0.544,0.9965579625921005
801128.7921048,-0.0507,0.43003605979752924,0.45537200748335915,1.21,0.526,0.9967311936429448
801128.9919475,-0.0617,0.4314666628524147,0.46230077039227085,0.27,0.492,0.9971483937855535
801129.191465,-0.0468,0.4651696342432138,0.4885900964279734,1.01,0.478,0.996736919597027
801129.39194,-0.0627,0.46501820037101654,0.49635052977569727,0.0,0.554,0.9973402815510676
801129.5920147,-0.0287,0.5046041414388361,0.5189352352826606,-0.25,0.613,0.997955333367184
801129.7919022,0.0148,0.5569471996028121,0.5495433256707862,0.28,0.622,0.997957101904062
801129.9920993,0.0366,0.5288139920400055,0.5104952730919108,0.01,0.66,0.9984891139514467
801130.1921114,-0.0384,0.436217392412191,0.455396374028954,0.07,0.639,0.9981020453561056
801130.3919145,-0.0844,0.3953908945883496,0.43756820580683153,0.37,0.664,0.9975163379427495
801130.5916107,-0.0258,0.3759160889087642,0.3888341724733361,-0.15,0.679,0.9980751441210538
801130.7932485,0.0861,0.5151586739927242,0.4721282468328255,-0.0,0.707,0.9976006019872843
801130.9921264,0.0845,0.5214496692680766,0.47922137591014136,-0.01,0.722,0.9973687034645438
801131.1918505,0.0419,0.4095014657179351,0.3885580948973371,0.44,0.717,0.9978198745689388
801131.3916792,0.1178,0.6590836939226988,0.600193797375458,0.68,0.689,0.9973768139751344
801131.592101,0.1595,0.6829442580767436,0.6031786056561067,0.62,0.664,0.9974311053101707
801131.7918549,0.1601,0.6618328397514708,0.5817931997497732,0.62,0.626,0.9984859940139187
801131.9915169,0.2131,0.700178337250853,0.5936091352327322,1.34,0.643,0.998394403269436
801132.1917108,0.2634,0.822510741781713,0.690811297741435,0.41,0.664,0.9985850561956016
801132.3916108,0.2988,0.910511205947281,0.7611043089545891,-0.25,0.672,0.9988317387466081
801132.5915074,0.3236,1.052423018628785,0.8906156769003721,0.24,0.695,0.9985211421556879
801132.7915719,0.3524,1.0017486811076104,0.8255529648600907,-0.08,0.687,0.9985508419848096
801132.9916231,0.3758,1.1242051519927652,0.9362989091398916,-0.43,0.729,0.9985076796875181
801133.1914321,0.3868,1.1448000988027955,0.9513920378215815,-0.25,0.728,0.9980202587623037
801133.3919681,0.4021,0.9960314551035694,0.7949587407375351,0.06,0.719,0.9979125333656983
801133.59155,0.3849,1.0207310323358818,0.8283004870310915,0.34,0.751,0.9975449918722943
801133.7914679,0.3904,1.0996239771471694,0.9044116109105439,0.27,0.76,0.9972610985411875
801133.9918776,0.3999,1.1779534126047222,0.9780208799398612,0.2,0.703,0.9973719803341902
801134.192233,0.3802,1.1483079610685072,0.9582298335962479,0.61,0.654,0.9971326414252673
801134.3914919,0.4015,1.1171245174848932,0.9163801239686865,0.4,0.592,0.9970226449740068
801134.5915507,0.3882,1.0816959818938199,0.8876054944177758,0.52,0.582,0.9963685212814464
801134.7913952,0.3908,1.0673960024030202,0.8720128252405037,0.86,0.563,0.9965028860820153
801134.9917782,0.4088,1.1878512628890017,0.9834432206947358,0.52,0.544,0.9968692684929167
801135.1919355,0.4825,1.2418874536826592,1.0006325291274134,0.58,0.557,0.9972968066824796
801135.3919,0.5116,1.3451602756511698,1.0893770014883122,0.2,0.566,0.9981296835802944
801135.5914133,0.5347,1.3750272918778672,1.1076736178782394,0.75,0.567,0.9982394071765068
801135.7917044,0.5629,1.3941560193923994,1.1127067356793692,0.75,0.586,0.998192179483796
801135.9919067,0.5924,1.3693816619489976,1.0731795328624874,0.21,0.603,0.9984737336718637
801136.1919543,0.617,1.4005936194791595,1.0920755729703608,0.4,0.619,0.9984281147732937
801136.3929351,0.6455,1.3790768191399316,1.0563258250561063,0.43,0.636,0.9980100576465593
801136.5918179,0.6781,1.3148442680392258,0.9757960780978866,0.13,0.619,0.9979574155987659
801136.7920078,0.6948,1.2767814854062556,0.9293935586875891,0.27,0.641,0.9975472968506459
801136.9920236,0.7161,1.1764134231674135,0.8183738624915582,0.48,0.69,0.9963793877457107
801137.191947,0.7067,1.0877265111524232,0.7343711968682148,0.42,0.682,0.9973694116015634
801137.3917428,0.6887,1.0367331028821092,0.6923736641234493,0.4,0.656,0.9973819832942736
801137.5915143,0.7245,1.0496099393291842,0.6873485263664292,0.4,0.679,0.9968429472974757
801137.7921171,0.7353,0.94035173050183,0.5727190670606157,-0.1,0.657,0.9977020341331896
801137.9914815,0.7561,0.9574045784170346,0.5793523897539438,0.02,0.717,0.9974091263971694
801138.191899,0.794,1.170192808632299,0.773186104316801,0.27,0.73,0.9978497854904137
801138.3922449,0.7964,1.2111997801064514,0.8130141242737656,0.03,0.717,0.9981418421396355
801138.5917939,0.809,1.2713294341130947,0.8668056170604358,0.12,0.727,0.9977646946902807
801138.7919527,0.8183,1.4801321729088381,1.0709850678062562,0.53,0.771,0.9980058499172667
801138.9914582,0.8275,1.5079134513778507,1.094139378185343,0.1,0.774,0.9979491033744851
801139.1920142,0.8532,1.5841035156327914,1.157493670788702,0.09,0.781,0.9985394000861498
801139.3914061,0.8682,1.5772462294269172,1.1431575623255394,0.19,0.783,0.9983405992539525
801139.5918045,0.8912,1.5303852496832848,1.0848069665941757,0.11,0.788,0.9985369974261802
801139.7920416,0.9051,1.507223193580411,1.0546505246982194,-0.12,0.783,0.9986201553595775
801139.9922016,0.9225,1.4067423137766362,0.9454980929541871,0.1,0.761,0.998329166221159
801140.1924921,0.8833,1.2334449823113713,0.7918011938627347,0.13,0.748,0.9985253540244288
801140.3919424,0.926,1.202585680505881,0.7395752089405978,0.11,0.757,0.9983481762092296
801140.5918867,0.945,1.210298529916864,0.7377800904457069,0.38,0.773,0.9979917992179292
801140.7919591,0.8752,0.9885401038312194,0.5509189597189236,0.72,0.712,0.9977332766490592
801140.992145,0.8821,0.9386044402708821,0.4975486936580587,0.44,0.714,0.9976326410703055
801141.1922688,0.8675,0.8381107287360132,0.4043553592684725,0.39,0.675,0.9974055980105215
801141.3921705,0.8498,0.8467150442299234,0.4218174105862393,0.31,0.684,0.9977627511006779
801141.5937959,0.8385,0.7689136263717324,0.3496585671418711,0.36,0.683,0.9981396535690972
801141.7923612,0.8692,0.7472579661589359,0.3126620609673154,0.05,0.676,0.9981212369556777
801141.9923107,0.9705,0.8219090616316145,0.33665966616257603,0.1,0.734,0.998186141665076
801142.1916884,0.9593,0.7953424964046872,0.315671719680501,0.26,0.743,0.9979834979273585
801142.3917745,0.9197,0.8875479965221034,0.42767637878042886,0.07,0.767,0.9980060130925986
801142.5920945,1.0255,1.2774509736471948,0.7646953493611834,0.31,0.804,0.9975196921688386
801142.7914965,1.0502,1.4981717115218913,0.9730526426648606,-0.04,0.817,0.9975435894052795
801142.9916595,1.0744,1.6159899777605828,1.0788074545722588,-0.19,0.821,0.997653752724659
801143.1918827,1.0913,1.7486838130146884,1.2030520502342807,0.33,0.838,0.9974795488952272
801143.391584,1.1224,1.8056204459682115,1.2444238864539516,0.1,0.843,0.9976897794052024
801143.5918077,1.1302,1.873927222838559,1.3088236490441303,0.08,0.842,0.997540330810697
801143.7916246,1.1634,1.8734250136918924,1.2917288716583335,0.2,0.856,0.9975542756609214
801143.991778,1.1761,1.859684239001262,1.271620776953014,0.13,0.846,0.9980834267817433
801144.1916541,1.2217,1.8430325159356753,1.2321936080722515,0.05,0.867,0.9981065660733602
801144.3924753,1.2472,1.766941769044359,1.1433326167438964,-0.07,0.875,0.9981898265995612
801144.5917312,1.2365,1.4544550916172962,0.8362057050237849,-0.02,0.859,0.9981488834894949
801144.7918677,1.1441,1.2167517786927962,0.6447166494903664,-0.04,0.856,0.9976662599612524
801144.9920619,1.0381,1.07504312961879,0.5560105407878227,-0.12,0.83,0.9978035087746868
801145.1917024,0.8154,1.0069233494984753,0.5992283069137674,0.06,0.818,0.9978706275164317
801145.3917284,0.7278,0.8336115097129995,0.46971045524526756,0.29,0.809,0.9980064539136101
801145.5917722,0.4487,0.6719898719281742,0.44765297640640045,0.27,0.787,0.9978265114138268
801145.7914314,0.6775,0.6975309119630876,0.3587637553307679,0.4,0.801,0.9972581022423784
801145.9914791,0.6904,0.7208267706455066,0.3756463890435465,0.4,0.802,0.9971455256578419
801146.1914585,0.7445,0.7096468715125922,0.3373903113279773,0.39,0.794,0.9974745955364257
801146.3915547,0.8315,0.7977976550257728,0.38202531780371085,0.15,0.805,0.9978878560893306
801146.5920326,0.9689,0.9170901505658614,0.4326445996226308,0.15,0.823,0.9980037907427229
801146.7920016,1.0203,0.9375520091819854,0.4274032474928687,0.04,0.829,0.997720646271725
801146.9919075,1.0078,0.8120822705158091,0.30819073770718813,-0.01,0.807,0.9979179168008869
801147.1924958,0.8463,0.6927626581379054,0.26962551301009563,-0.03,0.789,0.9981105904196163
801147.3919775,0.8838,0.7051968996041528,0.2632791800713593,0.18,0.781,0.9980107155187724
801147.592444,1.0126,0.7743864607704101,0.26807506960624633,0.24,0.779,0.998016532565428
801147.7919738,1.0585,0.8702225612533417,0.34097719812004346,0.25,0.739,0.9974087727708547
801147.991883,1.1552,0.9859356679699598,0.40832051157780924,0.47,0.756,0.9970852970750046
801148.1919478,1.2797,1.2224049902058762,0.5825537974665532,0.43,0.763,0.9971328486371221
801148.392081,1.2957,1.2755234311048875,0.6276742328138422,0.29,0.748,0.9966646372233192
801148.5921319,1.2902,1.2152744031382385,0.5701611163719744,0.23,0.751,0.9970634498652462
801148.7916877,1.2826,1.2094255271913692,0.5681504358234745,0.34,0.761,0.9970715456541893
801148.9923651,1.3016,1.1984229662701573,0.5475997089466339,0.56,0.717,0.9970942029978935
801149.1918857,1.3414,1.2455306362010665,0.5748473718454362,0.33,0.713,0.9970678600116433
801149.3919876,1.3384,1.2842753138860388,0.6150866914113355,0.11,0.734,0.996771269178359
801149.5920154,1.3253,1.2360103679159082,0.5733371906029233,0.49,0.706,0.9978082888694407
801149.7920709,1.358,1.2043390601753705,0.5253208797039821,0.45,0.737,0.9975494114463079
801149.9917212,1.3257,1.1251761324799323,0.46234918481377324,-0.09,0.719,0.9977959335777697
801150.1919693,1.2412,0.9468793487818368,0.3262952711874498,-0.01,0.728,0.9979275740644329
801150.3919986,1.275,1.0011482806659244,0.36364127712687816,0.42,0.776,0.9970903873515535
801150.5919854,1.3081,1.0433733646621988,0.3893048991842164,-0.12,0.774,0.9980915656832247
801150.7913206,1.3481,1.0871354702885492,0.41306619554359225,-0.08,0.797,0.9978587291362134
801150.9925329,1.4017,1.3860938779972498,0.6852654614658623,0.4,0.831,0.9978410725673537
801151.1919031,1.4405,1.6456072469758327,0.9253652055677296,-0.26,0.835,0.9982305828689481
801151.3917444,1.4604,1.733426701878851,1.0032282416467848,0.05,0.823,0.9981278985821659
801151.5915578,1.4803,1.79965782421518,1.0595078094062231,0.31,0.836,0.9980702456282148
801151.791779,1.5012,1.8105556080779948,1.0599409434839953,0.11,0.826,0.9980639220955971
801151.9928178,1.5079,1.8733687754478188,1.1194418427982409,0.28,0.829,0.9982817701671071
801152.191994,1.5263,1.8583964848221337,1.095238221489635,0.14,0.799,0.9980978383664647
801152.3917423,1.5626,1.8074229875438865,1.0261015638227866,0.2,0.759,0.9984783781260844
801152.5918612,1.5802,1.7900788579860012,0.999983250873341,0.26,0.753,0.9985868388445146
801152.7918597,1.609,1.7877733480820315,0.9832599390325182,0.02,0.723,0.9978175096240676
801152.9915717,1.6274,1.6411646998895262,0.8274674739066535,0.2,0.687,0.9976937984663411
801153.191969,1.6428,1.552353581733784,0.7309553998378036,0.05,0.713,0.9976741968359644
801153.3921137,1.6415,1.4134813997041566,0.592721626530965,0.09,0.714,0.9976156904351217
801153.5915192,1.6282,1.3495905018644523,0.5354778845971888,0.39,0.711,0.9981379253358755
801153.7920384,1.6343,1.2569576030194907,0.4398102207682211,0.1,0.701,0.9982864285285066
801153.9919593,1.6399,1.1688528984514652,0.3488796034881938,0.1,0.71,0.9977367815392538
801154.1924348,1.6534,1.1333471160715713,0.3066620845303295,0.64,0.753,0.9973935952921342
801154.3917217,1.6463,1.1800676304209823,0.3569207732013722,0.46,0.769,0.9981974248418701
801154.592485,1.6325,1.1797004417361325,0.36344221725492154,0.09,0.774,0.9980841512480951
801154.7919765,1.5066,1.2179008181969295,0.4646232620039892,0.21,0.773,0.9976298021797204
801154.9914699,1.4221,1.1112655768950153,0.400212802663424,0.1,0.78,0.9982064198579811
801155.1919456,0.6207,0.6982141160326267,0.3878628761187544,0.18,0.706,0.9976356992372705
801155.3922132,0.4488,0.6364636437820702,0.4120819025296962,0.66,0.598,0.9972767132840075
801155.5927373,0.1788,0.5349702289847603,0.44556184268289106,0.18,0.533,0.9982207363321304
801155.7920976,0.2023,0.5520008609776076,0.4508305741570947,0.15,0.535,0.9973182128131428
801155.9915526,0.3008,0.5952519033868329,0.44482771579892966,1.3,0.477,0.997685129559237
801156.1920488,0.0618,0.5373421694522432,0.5064436585880776,0.72,0.462,0.998112431732597
801156.3929963,-0.6296,0.48723675184275544,0.8020482036453292,0.6,0.427,0.9970632526606208
801156.5915784,-0.6035,0.5048391065103933,0.8065928293291867,0.82,0.412,0.997221301815257
801156.7914422,-0.9065,0.5004653276918407,0.9537313788147849,0.84,0.404,0.9974716961511249
801156.9914865,-0.8043,0.5120752236088657,0.9142265969667757,-0.13,0.441,0.9971813769857244
801157.1918072,-0.6139,0.5285578105828443,0.8355105448114912,-0.19,0.472,0.9971594403807492
801157.3916207,-0.8199,0.45307287447117706,0.8630250330459527,-0.71,0.553,0.9976480122904516
801157.5919755,-0.519,0.5059061963558777,0.7653869288248468,-0.06,0.548,0.996991832648501
801157.7919037,-0.7507,0.42673807482326026,0.8020750574251218,0.29,0.557,0.997583957622731
801157.9916742,-0.8765,0.3777645280056709,0.8160016414519486,0.23,0.63,0.9978853161856557
801158.1919286,-0.7495,0.4140975278719358,0.7888628260426646,0.84,0.624,0.9970512125719465
801158.391864,-0.82,0.3812432128593565,0.7912270290127559,0.75,0.661,0.9980614454314852
801158.5921238,-0.983,0.3377918355166529,0.8292994938903088,0.32,0.572,0.9980616475386617
801158.7919449,-0.9567,0.33468572976165556,0.813013053276199,0.8,0.591,0.9977399158652352
801158.9916483,-0.9081,0.3596572014352427,0.8137021656690612,0.25,0.548,0.9983677385032745
801159.1916416,-0.9341,0.3818451472429837,0.8489115395340383,0.01,0.537,0.9983079214894487
801159.3919526,-0.7881,0.4367990523646039,0.8308633839719839,0.95,0.566,0.9983614186369584
801159.5924174,-1.1065,0.4238324221654641,0.9770576040990243,0.35,0.603,0.9986698123710283
801159.7919876,-0.93,0.4118587473441013,0.8768706236125018,0.38,0.632,0.9983567658907381
801159.9921703,-1.0521,0.3737530121566258,0.899794991634486,0.28,0.605,0.9983618526236928
801160.1921578,-1.2487,0.30957875313697475,0.933905947510142,-0.21,0.628,0.9986185386814885
801160.3919728,-1.1404,0.3023925711274952,0.8725899846962356,-0.08,0.603,0.9982840266323353
801160.5922748,-1.2645,0.25668389389868407,0.8889539544058456,-0.13,0.662,0.9981696592026921
801160.7920212,-1.2906,0.26287035174940887,0.9081868482155978,0.11,0.65,0.9984934577652558
801160.9917766,-1.2611,0.24267714641445237,0.8732231524637718,0.6,0.638,0.9980801915496974
801161.1917647,-1.169,0.27917018298784596,0.8636932532385199,0.54,0.677,0.9981245084424286
801161.391261,-1.0801,0.2939998766537424,0.8340295690136883,0.58,0.65,0.9984565451926098
801161.591567,-0.5583,0.43541991634104604,0.7145911263516007,1.26,0.703,0.9979117751944632
801161.79203,-0.4715,0.5167835391667446,0.7525296167759377,1.05,0.638,0.9983880757051858
801161.9914348,-0.5807,0.46364167152717417,0.753983489277684,0.24,0.639,0.9985410480461869
801162.1919886,-0.5162,0.48105819705525266,0.7391752615119955,1.21,0.645,0.9982757005359935
801162.3915666,-0.5777,0.46450987827717577,0.7533830776437065,0.29,0.622,0.9983683918144306
801162.5918229,-0.1944,0.6304409731244607,0.7276523028506595,-0.11,0.644,0.9983042544958081
801162.7920157,-0.0997,0.6691543035833819,0.7189904673009081,0.12,0.663,0.9981335270234438
801162.9916942,-0.2368,0.5821423200648698,0.7005555667128316,0.09,0.67,0.9984617104055074
801163.1930109,-0.3545,0.51862921041615,0.6958973479656536,-0.24,0.641,0.9981687256008513
801163.3917767,-0.4498,0.5129622580885159,0.737868018681953,0.39,0.687,0.9979454623642345
801163.5912977,-0.7619,0.4705219035843561,0.8514489321101993,-0.21,0.639,0.9981804165291251
801163.7921242,-0.7685,0.4598477082243379,0.8440938286408424,0.36,0.56,0.9978169655825997
801163.9920062,-0.6957,0.3922962314260509,0.7401333683424748,0.03,0.609,0.9983261376537363
801164.1917511,-0.5922,0.3513777356950853,0.6475016581841095,-0.0,0.639,0.998615096001004
801164.3919456,-0.5628,0.34822869472756035,0.629606451053696,1.0,0.595,0.9981904913127362
801164.5919377,-0.9321,0.23670174597898486,0.702768298096264,0.94,0.576,0.997986223736453
801164.7923159,-0.8431,0.24842696892629162,0.669971758559794,0.65,0.604,0.9981894174578045
801164.9920209,-0.8239,0.23646349427635657,0.6484295466315203,1.52,0.581,0.9974789568939535
801165.1919872,-0.8891,0.2419049791085873,0.6864556458775805,0.6,0.571,0.9976792900228256
801165.3919522,-0.8748,0.19290807178802588,0.6303086869591498,-0.08,0.599,0.9973230055456896
801165.5920365,-0.7227,0.25682552784967305,0.6181926388121756,0.38,0.614,0.9967815973091536
801165.7920569,-0.824,0.2680102348790441,0.6800099190071273,-0.22,0.687,0.9967104103255532
801165.991791,-0.7413,0.32698870874770336,0.6976529856673978,-0.58,0.639,0.9963206709948994
801166.1921396,-0.7597,0.33187889949048605,0.7117186387366233,-0.37,0.572,0.9965236136608102
801166.3917438,-0.5665,0.2880012450189569,0.5712419017014935,0.19,0.636,0.9967917574001723
801166.5919767,-0.3278,0.3337134354511194,0.4976159139129765,0.75,0.662,0.9972544637357376
801166.7914587,-0.3883,0.3423069421152632,0.5364344542740088,1.02,0.645,0.9980853915756883
801166.9915271,-0.0135,0.3802532010651138,0.386985406699495,1.0,0.666,0.9976113349293952
801167.1917226,0.4272,0.4683068031842448,0.254684499266303,0.17,0.685,0.9976977288360288
801167.3919922,0.5386,0.5450997964580737,0.2758225446818287,0.39,0.681,0.9985552887955695
801167.5918299,0.5703,0.5750596266664041,0.2899105521943312,0.12,0.7,0.9978929015213368
801167.7917649,0.7273,0.6993645363892964,0.33569375290128306,-0.33,0.72,0.998242564652734
801167.9925197,0.7758,0.6744296789602668,0.2865123328417612,-0.02,0.751,0.9979490315952514
801168.1914952,0.7708,0.6804318283191766,0.29501477306719653,0.32,0.794,0.9968875373580343
801168.3917617,0.5146,0.6038869743651533,0.34659119009954154,0.12,0.79,0.9977646604693317
801168.5918464,0.5659,0.5716297644725559,0.28868440056119266,-0.01,0.799,0.9973661241553549
801168.7919767,0.8598,0.8275960040913009,0.39768277768260096,0.08,0.828,0.996894253973752
801168.9919842,0.8357,1.0278827364549477,0.6100474083879702,0.25,0.834,0.9972258925750028
801169.191977,0.855,1.1158337942286445,0.6883127142886408,-0.28,0.834,0.9966143703407416
801169.3917563,0.7642,1.126850221113697,0.7447710416585744,0.06,0.831,0.9967692769437242
801169.5916769,0.8064,1.1041932564932888,0.7009794034790776,0.04,0.845,0.9971337319740095
801169.7919983,0.7717,1.2179938414896305,0.8321650828504306,0.07,0.853,0.9965893089862682
801169.9915351,0.8329,1.23427384912646,0.8178289746483897,-0.03,0.84,0.9972167517579262
801170.1921543,0.9209,1.4349029058886895,0.9744510745966064,-0.02,0.852,0.9973566146473517
801170.391862,1.0298,1.5513503312094326,1.0364343156143707,0.21,0.851,0.9974963240871193
801170.5921572,1.0631,1.5647465553466786,1.0331992560321333,0.01,0.848,0.998245531639671
801170.7920048,1.0707,1.43776562392012,0.9023916100430642,0.3,0.829,0.9985152060766672
801170.9917196,1.0945,1.2520277836045834,0.7047882559688888,0.27,0.82,0.9984659980697929
801171.1919662,1.1176,1.1365560587266224,0.5777568911022681,0.13,0.824,0.9984735037316884
801171.3920413,1.1334,1.1857035908952864,0.6190236963261384,0.02,0.822,0.9985228766647546
801171.5917845,1.1314,1.157372129058328,0.591654079525943,0.11,0.784,0.9986791091507011
801171.7920411,1.1263,1.0358831419275716,0.4727495162208881,0.03,0.779,0.9987540127140649
801171.992232,1.14,1.007375205519136,0.4373586297043104,0.05,0.787,0.9982497084871761
801172.1919997,0.8305,0.7618407047903988,0.34657371756003824,0.45,0.746,0.9979874490949371
801172.3919737,0.1582,0.610775402282115,0.5316788916830809,0.37,0.714,0.9976714611184605
801172.5917561,0.1508,0.6054967518800183,0.5301165588281627,0.33,0.711,0.9972038756469637
801172.7917857,0.4628,0.6934619045814798,0.46204557269668195,0.17,0.74,0.9967862538483067
801172.9919447,0.7349,0.8082257253429879,0.440791712439799,0.15,0.763,0.996379819261437
801173.1920239,0.5978,0.8923504625664984,0.5934348636538009,0.16,0.76,0.9965564875314905
801173.3919312,0.6139,0.8710816717611672,0.5641338646185149,0.09,0.758,0.9963283015469631
801173.592298,0.7873,0.8493096661446271,0.45565406957241883,0.16,0.782,0.9964320508980531
801173.7916477,0.9143,0.9844172353177512,0.5272535619654076,0.23,0.764,0.9967262814075138
801173.9914381,0.9443,1.1216953579918307,0.649568550527571,0.07,0.758,0.9971341669858371
801174.191932,0.9621,1.1727869347591955,0.6917213337351421,0.19,0.772,0.9972478261536116
801174.3920623,0.9516,1.140621030222899,0.664832139899015,0.03,0.797,0.9976641682734385
801174.591767,0.8449,1.169888563040695,0.7474515794535825,-0.0,0.791,0.9976778266655664
801174.7916835,0.954,1.0386532661764738,0.5616376389384191,0.1,0.801,0.9974701518621836
801174.9921332,0.961,1.0225437211732908,0.5420265000245696,0.15,0.79,0.9979029136885843
801175.1921092,1.0441,1.0049957865181542,0.48292493358237915,0.14,0.802,0.9974713771141571
801175.3920392,1.0124,1.0042627366386945,0.4980760978953255,0.28,0.735,0.9976197206997326
801175.5913892,1.0384,1.0483061637187778,0.5291163437033748,0.36,0.725,0.9977582262994138
801175.7919878,0.9429,0.9734371324169198,0.5019917821462423,0.43,0.715,0.9976556561425758
801175.9920513,0.7734,0.8138335916138604,0.4271580302970484,0.76,0.722,0.9974455346930718
801176.1917345,0.6332,0.7471408293326208,0.4305171655390163,0.8,0.713,0.9970610941620265
801176.3918726,0.996,0.736428602900182,0.23842086950573363,0.17,0.748,0.9972879092111228
801176.5914336,1.1762,0.8922145843345616,0.3041318535636943,0.51,0.748,0.9972377653086759
801176.7921004,1.1305,1.0235334769044795,0.4582601167342252,0.23,0.748,0.9972360953931352
801176.9915983,1.2022,1.216326727314185,0.6152214135137155,0.09,0.79,0.9971341819582846
801177.1918611,1.2089,1.4624759816278907,0.8580251774143987,-0.04,0.799,0.9979503447773529
801177.391804,1.2304,1.5329940253883618,0.91778917830278,0.14,0.806,0.9981232942643878
801177.5919463,1.2375,1.515118746709964,0.8963632021895331,0.48,0.789,0.9984430036641008
801177.79173,1.2338,1.5334403507745644,0.9165341176146623,0.18,0.766,0.9984986570071933
801177.9920682,1.2583,1.5744421879289898,0.9452706674054048,0.3,0.759,0.9986228162265524
801178.1920746,1.2663,1.5961277595466996,0.9629541627681613,0.35,0.776,0.998400989597669
801178.3922046,1.3236,1.5337631800998044,0.8719716556032133,0.26,0.76,0.9975952247690489
801178.5916542,1.2798,1.608543838254751,0.9686531286461937,0.19,0.784,0.9978164772573049
801178.7920158,1.335,1.5894668449517497,0.9219483255486216,-0.04,0.773,0.9973847493918049
801178.9920864,1.3786,1.3415595754779452,0.6522461037289604,-0.1,0.735,0.9974306087844805
801179.1920167,1.3462,1.1167567258155362,0.44366487730793314,-0.01,0.7,0.9974853645937242
801179.39203,1.3486,1.0386775535400106,0.36436756695488876,-0.16,0.752,0.9966734353662942
801179.5915445,1.2733,1.0639936438724515,0.42734990089349817,-0.25,0.766,0.9968351477422555
801179.7921474,1.2261,1.1395280008913435,0.5264799192393267,0.03,0.801,0.997590026778063
801179.9919765,1.319,1.1686738884572967,0.5091706558686999,0.1,0.787,0.9975887894008842
801180.191962,1.2913,1.156833474471686,0.5111901149780684,0.04,0.769,0.9975434401027109
801180.3918952,1.3404,1.195740365295072,0.5255597112099542,0.42,0.766,0.9969473430021756
801180.5915928,1.3726,1.2805311147021972,0.5942523556984215,0.48,0.759,0.9961872252299717
801180.7916883,1.4414,1.1865835523613728,0.4659063994830893,0.35,0.773,0.9971396277108304
801180.991607,1.4874,1.2754835040475938,0.5317800994197784,0.27,0.804,0.997519411815104
801181.191832,1.4806,1.249362261857679,0.5090649015329345,0.43,0.805,0.9977607090179206
801181.3913266,1.4763,1.2450153802583006,0.5068686561011815,0.14,0.819,0.9979356033948212
801181.59217,1.4932,1.2193586260364966,0.4727635399957153,-0.01,0.831,0.9981416521023356
801181.7921097,1.4869,1.2379345096056165,0.4944645067501785,0.01,0.826,0.9980477202093263
801181.9917701,1.4999,1.1868572415954257,0.43691152929641064,0.12,0.838,0.9983453187473251
801182.192008,1.4827,1.2193311828161726,0.4779927215130224,-0.01,0.847,0.9986465130670943
801182.391613,1.4982,1.173734074962015,0.4246430262951598,0.23,0.837,0.99830483814387
801182.5919716,1.2578,0.9041521312013058,0.2752361983948159,0.15,0.825,0.9977399536535432
801182.7923617,1.1258,0.8171482244653359,0.2542581621338344,-0.14,0.813,0.9974172464354664
801182.9928223,0.632,0.6485175659975764,0.3325305029783426,0.15,0.788,0.9973454754120776
801183.191695,0.3857,0.5910591847676689,0.39819845493893563,0.11,0.78,0.9973170041478259
801183.39231,0.0856,0.5665198963155582,0.5237366141275794,0.1,0.771,0.997680738128124
801183.5915777,0.0224,0.5306189036735838,0.51940590251559,0.12,0.773,0.996930344530238
801183.7913122,-0.4862,0.3725730245126882,0.6156639247774047,0.21,0.715,0.9962756262912433
801183.9919724,-0.7813,0.31804132115630146,0.7087017222652892,0.12,0.718,0.9972839779931293
801184.191837,-0.8156,0.38552747073627175,0.7933326588413058,0.32,0.702,0.9978519664869294
801184.3919458,-0.9538,0.38972496892421804,0.8666250181148958,0.89,0.699,0.9981247419104312
801184.5915519,-1.0626,0.44953335672893013,0.9808200292351403,0.57,0.678,0.9974765967315287
801184.7919898,-1.0786,0.41227731139995916,0.9515708516314806,0.35,0.694,0.9975675322486334
801184.9917742,-1.0683,0.377150602864949,0.9112871076665795,0.63,0.594,0.9978071253623941
801185.1919535,-1.0186,0.36743856154790117,0.8767180576501787,0.04,0.584,0.9980204266974014
801185.3921615,-0.8988,0.4558902024511182,0.9052833867494674,0.04,0.608,0.9982198591527381
801185.5924651,-0.7794,0.5420736557817686,0.9317573578336847,0.98,0.615,0.9979193145229728
801185.7918131,-0.8608,0.624544920714393,1.0549619818216698,0.7,0.565,0.9975100467481252
801185.9919377,-0.8934,0.7323436967360184,1.1790643359317032,0.44,0.549,0.9979044637969606
801186.1917573,-0.8824,0.8480138345295809,1.2892214824804895,0.76,0.504,0.9979583191418967
801186.3923018,-0.7907,0.801376911125498,1.1967496057919327,0.31,0.519,0.9973234629082456
801186.5935691,-0.8099,0.6995857776470822,1.1045461666659162,0.08,0.49,0.9972818340776286
801186.7919812,-0.7298,0.8377860829434127,1.2026712859977309,0.13,0.443,0.9971240721336481
801186.9920646,-0.6857,0.8874491883185033,1.2303172037638674,1.49,0.543,0.9970633455457876
801187.1920209,-0.5755,1.0592089243732241,1.3469641855736518,1.2,0.475,0.9968247108372923
801187.392251,-0.5349,0.8011994965604208,1.0686538334421134,0.57,0.493,0.9966202181990204
801187.591679,-0.7276,0.5460991646512133,0.9098901207743735,0.76,0.553,0.9968441917413626
801187.7924039,-0.6771,0.5490207735600166,0.8875840634015782,0.98,0.58,0.9972771172829173
801187.9916712,-0.5771,0.5335861288583608,0.8221511737597873,0.96,0.578,0.9972433955505035
801188.1919683,-0.5909,0.4762689067138042,0.7716981446461724,0.73,0.598,0.9971219461477054
801188.3921791,-0.6437,0.3553664317675262,0.6772036738583487,0.22,0.569,0.9963350906928783
801188.5919026,-0.4478,0.4335320723265377,0.657438593232702,0.76,0.602,0.9966569901707892
801188.7914783,-0.4622,0.4165903174387532,0.647668112028249,0.19,0.619,0.9971388411086545
801188.9921032,-0.4873,0.4118991387641853,0.6555529045665557,0.03,0.616,0.9969795566150017
801189.1917381,-0.5498,0.3939555833490432,0.6688635911146529,0.16,0.666,0.9977893756612258
801189.3918246,-0.6938,0.505353278843614,0.8522686336930623,0.11,0.677,0.9968560716407482
801189.5917604,-0.6555,0.6741796260829576,1.0019427846317508,0.45,0.63,0.9975667629650279
801189.7921603,-0.5977,0.4978832636244986,0.7967103537476546,0.01,0.669,0.9975375755025855
801189.9920498,-0.5437,0.4715561055162448,0.7433866642167513,0.05,0.683,0.9974085704460105
801190.1920198,-0.4578,0.46068466750987536,0.6895821159676703,0.26,0.699,0.9983227869143652
801190.3921466,-0.4929,0.5932393317680802,0.8396659740158855,0.88,0.717,0.9975193973798645
801190.5919566,-0.5677,0.5743084623467791,0.8581647098614793,0.77,0.705,0.9973511302081487
801190.7931915,-0.5217,0.5320152443091437,0.7928810734291522,0.26,0.727,0.9975723644192911
801190.9920082,-0.5369,0.4701802287680068,0.7386487061906206,0.33,0.665,0.997774929411154
801191.1919282,-0.5057,0.5273334981936656,0.7801697414465997,0.61,0.681,0.9979480189016413
801191.3920957,-0.3954,0.5023263440978994,0.7000123740102143,0.68,0.682,0.9955554926664344
801191.5921835,-0.3385,0.4710474689423941,0.6402738829970894,0.59,0.691,0.9930910156334808
801191.7920218,-0.6023,0.30499745552029794,0.6061636215488282,0.79,0.692,0.9937692070405241
801191.9920324,-0.7593,0.27539116623081583,0.6550377285312096,0.38,0.696,0.9928263484714274
801192.1914973,-0.7656,0.26716802416984853,0.6499439041913578,0.26,0.724,0.9937287466497354
801192.3920303,-0.6669,0.2906327730220893,0.6240915202358456,-0.06,0.721,0.9937112408087571
801192.5921472,-0.7335,0.2527117564175024,0.6194420723200539,-0.44,0.735,0.9918324580674058
801192.7920188,-0.82,0.20853037767196264,0.6185092442023994,-0.05,0.692,0.9941334892403753
801192.9920723,-0.6745,0.2208219397713983,0.5580782309344547,0.15,0.79,0.9973240613239471
801193.1916906,-0.6328,0.20959603936945703,0.5260152331553466,0.12,0.806,0.9981405682987857
801193.3919738,-0.5989,0.21533189276045592,0.5147604821662924,0.31,0.809,0.9989345123678592
801193.5914245,-0.5875,0.22200270296487745,0.5157378525365364,0.46,0.798,0.9987163761594585
801193.7918801,-0.7475,0.19602390227639332,0.5697911657294995,0.09,0.785,0.9987558212761398
801193.9917217,-0.7632,0.18869910504879195,0.5703106418406648,-0.04,0.78,0.9986902877799527
801194.1920967,-0.6962,0.25341925338814775,0.601496824470113,0.37,0.745,0.9984107279582527
801194.3928198,-0.6828,0.2692502438968277,0.6106749566520349,-0.05,0.715,0.9987784816951042
801194.592191,-0.718,0.2501373192253424,0.6091327563033916,0.14,0.704,0.9981660786845277
801194.7915115,-0.6795,0.2738450667030882,0.613581031128137,0.56,0.718,0.9975019532431951
801194.9920727,-0.5973,0.4500092391800822,0.7486428587196658,0.84,0.686,0.9969562156508116
801195.1919204,-0.6003,0.48669362566350305,0.7868575790789999,0.71,0.686,0.9969505505881278
801195.391789,-0.5286,0.7056231786903371,0.9699335379932322,0.5,0.612,0.9972343427335333
801195.5921026,-0.5148,0.7382470033581122,0.995642492684744,0.5,0.612,0.996783803805073
801195.791266,-0.4907,0.6728302960808344,0.9182048532011096,-0.02,0.632,0.9965511810348261
801195.9916831,-0.5173,0.48069350287887375,0.7393517497306366,-0.24,0.657,0.9956630508715983
801196.1918579,-0.4046,0.6387266340749738,0.8410471549867456,0.33,0.607,0.9962384496774773
801196.3921765,-0.3853,0.5772288524265666,0.769862521242521,0.15,0.661,0.9966186693302166
801196.5918238,-0.2745,0.6058730209297686,0.7431384069360842,0.22,0.694,0.9964475363884826
801196.7917372,-0.3692,0.3383928584684929,0.5230100791478158,0.63,0.74,0.9966677272252183
801196.9919218,-0.2091,0.34829283273447886,0.4528645258488161,0.12,0.754,0.996873233680171
801197.1922247,-0.2339,0.3200756017247249,0.43703808287860046,0.37,0.757,0.9981709040181084
801197.3918657,-0.2643,0.2550228632958906,0.38714888079786597,0.43,0.781,0.9984053501858811
801197.5927852,-0.2696,0.252047627070752,0.38685672207667543,0.19,0.804,0.99824113863046
801197.7920375,-0.2488,0.2783392757940062,0.40274580594921777,-0.04,0.804,0.9981749718223464
801197.9916965,-0.2669,0.3174293376537629,0.4508988291716384,0.15,0.756,0.9977308983089139
801198.1915958,-0.3546,0.2926610015067558,0.4699600350076765,0.11,0.762,0.9978687544784307
801198.3916564,-0.3578,0.3325767641352754,0.5115013089125676,0.1,0.751,0.9975745889605766
801198.5919623,-0.3775,0.3137554317626735,0.5025274553742646,0.58,0.723,0.9966240087706729
801198.7920309,-0.258,0.6490941809939537,0.7780808545821978,0.5,0.639,0.9959923017748465
801198.9919,-0.271,0.8962504883209975,1.0317622762848027,0.45,0.617,0.9949021432639601
801199.1919631,-0.1631,0.8291245505911231,0.910668052462007,0.87,0.62,0.9945284517253148
801199.3917764,-0.0795,0.5139961022530082,0.5537455531678641,0.1,0.65,0.9949384647852588
801199.5913522,0.041,0.4628910592548364,0.4423684688344533,-0.78,0.65,0.9949601892204777
801199.7917415,0.0865,0.45642085685387435,0.4131608278311738,0.52,0.692,0.9947167469591544
801199.9919077,0.1504,0.5185639638776967,0.4433688362943989,0.31,0.741,0.996168085332399
801200.1919741,0.2739,0.5748330149514894,0.4378807256817433,0.42,0.759,0.9966502873607674
801200.3919862,0.3244,0.5296054373146611,0.36742765553877804,0.39,0.704,0.996313848762381
801200.5919888,0.3885,0.5413497922081705,0.3471234575053526,0.31,0.699,0.9978111903071484
801200.7921093,0.384,0.5524397873231552,0.3604473714913515,0.25,0.733,0.9978295981361966
801200.9914341,0.3858,0.550513084558143,0.35763190107759746,0.54,0.739,0.9980041981308838
801201.1924982,0.3846,0.7062133174063424,0.5138969367203604,0.55,0.743,0.9981181988075529
801201.3920868,0.4884,0.8510071920312848,0.6068108640326472,-0.1,0.731,0.9979747122177334
801201.5919609,0.5406,0.7699283136037222,0.49962663063360935,0.68,0.721,0.9981806179567072
801201.7914276,0.5887,0.7961495848097507,0.5017770660405546,0.41,0.714,0.9981294986355146
801201.9914005,0.5813,0.8233283302144289,0.532687506021271,0.01,0.682,0.9981095873896216
801202.1914685,0.5908,0.8147136303320148,0.5193267908149158,-0.33,0.672,0.9978691576120021
801202.3919873,0.5973,0.8667281561016222,0.5680903749208414,0.08,0.723,0.9973122899672322
801202.5915903,0.5546,0.849595083016572,0.5722727679644091,0.34,0.693,0.9981454602985231
801202.7919731,0.5924,0.8638308631552352,0.5676107521491223,0.33,0.7,0.9985422019298942
801202.9916464,0.6096,0.8753597622923805,0.5705536125362032,0.99,0.702,0.9981631365521686
801203.1924018,0.6503,0.84761664292053,0.5224666103715297,1.0,0.685,0.9985249890355228
801203.392284,0.5422,0.6835336328883989,0.41241943935357755,0.48,0.674,0.9983066829472725
801203.5919191,0.6071,0.698203664413196,0.3946639113558441,0.63,0.685,0.9978063873452481
801203.7915984,0.6485,0.6998719753195956,0.3756045516389819,0.14,0.682,0.9981337637851113
801203.9916515,0.6514,0.6805387903855522,0.35483822679540195,-0.46,0.729,0.9975704580313699
801204.191968,0.5743,0.6912387310715218,0.4040718567261149,0.04,0.767,0.9969731685363945
801204.3914871,0.5465,0.5977763592940953,0.3245042488696311,0.38,0.782,0.9967193579919753
801204.5915396,0.5427,0.6730696245134823,0.40172430717254376,0.66,0.808,0.9970960513050277
801204.7918087,0.6101,0.7843849733809716,0.4793399351337608,0.45,0.785,0.9976983173093623
801204.9917184,0.6053,0.8653542332351494,0.5627107147108535,0.41,0.777,0.9974731497452989
801205.1918946,0.5468,0.898070480703867,0.6246759743557306,0.29,0.788,0.997755949450307
801205.3919566,0.5845,0.9021251952540444,0.6098879485360494,0.16,0.78,0.997813930780003
801205.5916406,0.5923,1.0458745172988988,0.7497254642945945,0.34,0.793,0.9974116214703853
801205.7926815,0.6284,1.141922128338004,0.8277097718712065,0.21,0.726,0.9974535001707268
801205.9914986,0.6722,1.2945196489205189,0.9584269881300774,0.02,0.711,0.9969747707494352
801206.1914322,0.7025,1.4156922107506906,1.064443602420968,0.75,0.709,0.9966009329794668
801206.3918812,0.755,1.44651963570995,1.0690063345380665,0.84,0.682,0.9971427775103648
801206.592077,0.759,1.4693799190926704,1.0898569714027109,0.81,0.613,0.9972184674419751
801206.7919883,0.7492,1.437507219578491,1.0629152562844417,0.75,0.648,0.9973342607756511
801206.9919481,0.7569,1.415514743731414,1.037049154370836,0.73,0.644,0.9979431695444747
801207.1918853,0.7666,1.4912412797869952,1.1079368470380246,0.48,0.633,0.9982824921963102
801207.391514,0.7738,1.6691056860813758,1.2822046864897108,-0.16,0.677,0.9984306123216278
801207.5920685,0.7994,1.7605777789245112,1.360884791786896,-0.37,0.706,0.998689484359285
801207.791964,0.8243,1.6948867614614562,1.282738829710831,0.22,0.739,0.9985610157921438
801207.9920135,0.851,1.5806267574864676,1.155102676572552,-0.22,0.736,0.9984377009278715
801208.1919702,0.8879,1.4246825277664925,0.9807441574522446,-0.07,0.752,0.9984438279111469
801208.392017,0.9058,1.4430373999008643,0.9901188448155662,-0.11,0.765,0.9982047720627427
801208.5915752,0.9527,1.3915741931784298,0.9152257938819688,-0.2,0.799,0.9977543693865191
801208.7921246,0.9912,1.583864103785892,1.088240060224882,-0.12,0.807,0.9966671471033387
801208.9919836,1.0226,1.7882105049122556,1.2769017407351646,-0.05,0.821,0.9965612845379329
801209.1923758,1.0519,1.7773918792147325,1.251426349062672,0.06,0.814,0.9965587279733495
801209.3919519,1.085,1.7454279887266362,1.2029320229834524,0.26,0.783,0.9958620794043362
801209.5918042,1.1141,1.7391736202851955,1.1821472433601385,0.33,0.771,0.9963946461062945
801209.7920293,1.1407,1.789244885801956,1.2188963991961808,0.4,0.766,0.996308394617628
801209.992017,1.1643,1.8310423097929707,1.2488674505888402,0.48,0.746,0.9968694855459552
801210.1920476,1.1942,1.8677005554288029,1.2706032897785469,0.31,0.757,0.9973443919199914
801210.3919728,1.2193,1.8627917725887277,1.2531317043181345,0.45,0.747,0.9975924131193944
801210.5918301,1.2382,1.8991869337957366,1.2801035653169328,0.31,0.721,0.997192862753976
801210.7919479,1.2512,1.9163685039915346,1.290746681472502,0.49,0.729,0.9965466315026809
801210.9916626,1.2546,2.1027700248558863,1.475477914264304,0.32,0.736,0.9974404289294013
801211.1922257,1.2619,2.3214523076576805,1.6905033903089122,0.39,0.764,0.9975054768139887
801211.3921386,1.2938,2.337767056609833,1.6908697335916758,0.77,0.78,0.9977431772398844
801211.5919195,1.3305,2.234427010323004,1.569152600316163,0.43,0.768,0.9981212634624642
801211.7919945,1.3537,2.175072347992276,1.498215421172187,0.29,0.764,0.9979372101771107
801211.9919963,1.3722,2.1290434246927576,1.4429414282469304,0.16,0.782,0.9983603004394832
801212.1916117,1.3772,2.115006555807181,1.4264161605953825,0.1,0.796,0.998438261408981
801212.3922932,1.3627,2.1141506785489015,1.4328249265945179,-0.0,0.804,0.9984985865245514
801212.5919786,1.4022,2.075596062097986,1.3745074460943831,-0.24,0.828,0.9985864272940378
801212.7919864,1.4437,1.9235433939829507,1.201686697666213,-0.16,0.808,0.9981264760679428
801212.9916937,1.4917,1.3971303449782277,0.6512925350828382,0.03,0.8,0.9981119648821826
801213.1913528,1.3263,0.9859322201968674,0.32276004384426155,-0.06,0.789,0.9977782663137239
801213.3928838,0.9928,0.7941714271749173,0.2977687179866966,0.07,0.774,0.9973382558354176
801213.5919731,1.1353,0.8183363072832539,0.2506799517971786,-0.04,0.785,0.9973921041930325
801213.7916409,1.5096,1.1585041311975401,0.4037070492979541,0.04,0.821,0.9962625417497675
801213.9921291,1.5078,1.4327852896326942,0.6788763668159506,0.2,0.833,0.9962004790700759
801214.1914862,1.5335,1.5426781222516812,0.775914638667166,0.13,0.84,0.9970431138290429
801214.391765,1.5664,1.5612882056480346,0.7780810136122875,0.43,0.798,0.9971375876553273
801214.5914428,1.5736,1.6808182471951403,0.8940137896347738,0.42,0.788,0.9970469842140804
801214.7928521,1.5859,1.750934874945878,0.9579809013011541,0.26,0.806,0.9969449232479953
801214.9921533,1.5894,1.7894876772876964,0.9947897573340754,0.31,0.801,0.997355951304702
801215.1920006,1.5975,1.8862774237041566,1.0875523926278174,0.27,0.811,0.9977877636275362
801215.3917958,1.6135,1.9879880832341654,1.181235698270225,0.21,0.824,0.9980609865458357
801215.5925862,1.6358,2.0027568923486365,1.1848413495902106,0.09,0.785,0.9977915076740599
801215.7917508,1.6815,1.831315618404197,0.990545005910571,0.23,0.763,0.9974298896914988
801215.9918228,1.732,1.6300441305397109,0.7640392332350341,0.06,0.756,0.997584003656837
801216.191601,1.7495,1.549730110764339,0.6749750714654134,0.28,0.763,0.998238465829606
801216.3916584,1.7407,1.6201699019091382,0.7498372932027724,0.36,0.777,0.9984664668503663
801216.5920165,1.7461,1.5456114418981939,0.6725643242941808,0.31,0.776,0.998285318624905
801216.7915665,1.7804,1.4409344364502055,0.5507382128355517,0.54,0.761,0.9981025632036697
801216.9915673,1.8057,1.4983794466332527,0.5955105768028909,0.26,0.747,0.9975336953796178
801217.1917948,1.7548,1.306231521657144,0.4288314393030422,0.41,0.724,0.9974221956081358
801217.3914309,1.6713,1.1515266416457763,0.3158972553659018,0.02,0.701,0.9975622069324872
801217.592085,1.697,1.1075662459993592,0.25908541141361296,0.1,0.718,0.9975025996260212
801217.7923704,1.7084,1.1339586221470221,0.2797645981791345,0.31,0.726,0.9975079072722624
801217.9919261,1.7664,1.1182872488140663,0.2350725002151628,0.25,0.731,0.9971752517167654
801218.1917231,1.6824,1.034696813265591,0.19348546909165382,0.56,0.728,0.9968596190171344
801218.3920399,1.4773,0.8993353996298836,0.16067895695637305,0.42,0.705,0.9976163677513761
801218.5920973,1.201,0.8197294394891944,0.21924744373802654,0.12,0.662,0.9978979373185417
801218.7914204,1.2457,0.8089536637693555,0.18609473554315925,0.15,0.636,0.9975237922663438
801218.9932253,0.6356,0.6535520494797757,0.33574932276994,0.17,0.65,0.997493671022623
801219.1918353,0.2448,0.5872777594874943,0.46488944286845013,0.08,0.64,0.9971871566008464
801219.3921452,-0.2563,0.50904818145874,0.6371780625989792,0.07,0.653,0.9972346647208942
801219.5917993,-0.3774,0.5211656589282001,0.7098465833872722,0.49,0.643,0.9976787698403755
801219.7918142,-0.1546,0.6186802526266497,0.6959955374768749,0.09,0.636,0.9979315524977854
801219.9921165,0.3056,0.6431787618724165,0.49037864821047666,0.13,0.637,0.9976782248731809
801220.191989,1.3218,0.9331577748309765,0.2722514662791248,0.71,0.642,0.9983328416010494
801220.3916958,1.2027,1.024156461438035,0.42278683051378557,0.31,0.664,0.9987793257898762
801220.5921532,1.3482,1.0498703414905752,0.3757553064352343,0.97,0.649,0.9986828324576938
801220.7919349,1.7135,1.1649088573326551,0.3081502605567191,0.97,0.723,0.9986517666916438
801220.991796,1.7822,1.3473103175106742,0.4562175245599057,0.31,0.741,0.9988947446485624
801221.1919402,1.7792,1.3914621011748753,0.5018517903513884,0.25,0.747,0.9985787775564035
801221.393123,1.7906,1.4532948291353818,0.5579738379578231,0.3,0.795,0.9982375746515498
801221.5921382,1.8065,1.482053831619181,0.578824296701497,-0.17,0.797,0.9983668458283963
801221.7918903,1.8153,1.5345574922368395,0.626919513967381,-0.11,0.792,0.9979615329779328
801221.9923955,1.8314,1.5394979022303958,0.6238085421428619,0.05,0.812,0.997658005475885
801222.1918704,1.8094,1.3922512763399906,0.48754640830363666,-0.08,0.838,0.9981378233234339
801222.3919632,1.7918,1.5605344855904293,0.6646482308993321,-0.0,0.858,0.9979434922745212
801222.5914996,1.8439,1.7218346597783034,0.7998922323707817,0.21,0.861,0.9978198718642669
801222.7937475,1.8894,1.8071307589419425,0.8624556165464292,-0.18,0.852,0.9984267295549581
801222.9918799,1.8894,1.874483727514315,0.929774818617034,0.23,0.834,0.9982479142312486
801223.1918807,1.8981,1.9305523661561554,0.981486078068046,0.21,0.831,0.9981671835331883
801223.3914867,1.9218,1.8923950564101713,0.9315197457027891,0.17,0.819,0.9987138862419922
801223.5918014,1.9384,1.9153830596393906,0.9461667781268668,0.29,0.81,0.9986509408874925
801223.7914297,1.9661,1.885335227487179,0.9022614802973878,0.18,0.797,0.9985739731676834
801223.9914681,1.9862,1.9100371058450931,0.9169279710241578,0.02,0.782,0.9986541553960547
801224.1919505,2.0049,1.9582446361072896,0.9557939893667208,-0.04,0.787,0.9984633752887683
801224.3917412,2.0058,1.9384135879487407,0.9355074503320282,0.23,0.794,0.99840057956687
801224.59229,2.0176,1.8941412997084224,0.8853226870437851,0.0,0.803,0.9984727321462661
801224.792656,1.9997,1.7834835962247524,0.7836542536443675,-0.14,0.786,0.9983729572059109
801224.9918681,2.0151,1.6854553727378212,0.6779060641495146,0.21,0.769,0.9977273110543365
801225.1917715,2.006,1.6483495325645023,0.6453307134213059,0.06,0.777,0.9983668930198435
801225.3923099,1.9985,1.6751465827238265,0.675873359720987,0.05,0.786,0.9982330483558494
801225.5923407,1.9891,1.669380250324987,0.6748326172974327,0.3,0.798,0.9977547333114031
801225.7920879,1.9671,1.5977759806024558,0.6142017523096893,0.16,0.804,0.9978791829337638
801225.9917411,1.8981,1.5210099989987547,0.5719645820717626,0.12,0.776,0.997599924787849
801226.1914976,1.909,1.4016855001117154,0.4471624203881989,0.22,0.769,0.9974865799211999
801226.3919748,1.9738,1.1504463206611268,0.16354047732074653,0.16,0.713,0.9978039308436644
801226.5919999,1.3981,0.9467982329048257,0.24775644323561144,0.34,0.673,0.9977527226901628
801226.7918445,1.1188,0.8601850558325675,0.3008019261806442,0.02,0.624,0.9972730624235971
801226.9923149,0.4187,0.6685533426094492,0.4592219771719997,0.24,0.617,0.998275737792092
801227.192261,0.2373,0.6489475036438361,0.5303113652164126,1.18,0.586,0.998612420349768
801227.3916684,0.2497,0.6937460442499224,0.5688851115276563,1.03,0.583,0.9983327785448499
801227.5920454,-0.0462,0.6526548550249415,0.6757562017083166,0.56,0.576,0.9980077237564295
801227.7918975,0.5209,0.7715904205034572,0.5111582563186722,1.37,0.599,0.9977621424222393
801227.9918969,0.9081,0.8860887600775408,0.43202149025254655,0.63,0.642,0.9976456980223265
801228.1921196,1.4608,1.0557247218222003,0.32533227168932366,0.18,0.677,0.9972027695280278
801228.3919454,1.9195,1.2557041053390734,0.29594213938964514,-0.14,0.732,0.9971525689154885
801228.5920253,1.8656,1.252932752149083,0.3201544019608493,-0.21,0.761,0.9967675924749315
801228.7920997,1.6777,1.2221256817746657,0.38328999280153914,0.09,0.777,0.9964665671535294
801228.9917621,1.4602,1.185467908899415,0.4553439984098598,-0.08,0.778,0.9970394534704559
801229.1918389,1.5635,1.158322695233568,0.37655090091397786,0.09,0.798,0.9970222822308724
801229.3920335,1.7706,1.1630793937261341,0.2777962560845592,0.12,0.798,0.9969150993788359
801229.5920126,1.9425,1.2026392899607752,0.23140812822454318,-0.01,0.813,0.9974374579739861
801229.7918752,1.8121,1.1067148027359288,0.20067245821285074,0.09,0.812,0.9976648619813213
801229.992225,1.6436,1.0491162826429268,0.22730620820736436,0.32,0.812,0.9971702851184897
801230.1920786,0.984,0.8484827759918416,0.3564931613067467,0.22,0.797,0.997296393635675
801230.3916533,0.0429,0.5870501661402765,0.5655871174155027,0.07,0.777,0.997591330095114
801230.5922083,0.0455,0.5962019656501766,0.5734419199732684,0.15,0.768,0.997424010723629
801230.7919465,0.327,0.6544738420671399,0.49095187056807094,0.23,0.745,0.9980964358335251
801230.9919884,0.629,0.7690569216700055,0.4545364173796784,0.3,0.73,0.9976101566941553
801231.1917936,0.7432,0.8391518430857016,0.46754425522967386,0.58,0.747,0.997395656320188
801231.3919166,0.4309,0.7124202469209935,0.4969603977102638,0.58,0.735,0.9974804498180101
801231.5917225,0.3088,0.6423327619530325,0.4879451965676419,0.85,0.728,0.9974351807022646
801231.7920484,0.9397,0.8028026703448798,0.3329771284706296,0.03,0.726,0.9977213664590583
801231.9920499,1.0064,0.8655606968046269,0.36235909252912246,0.06,0.718,0.9973966583461445
801232.1919877,1.4558,1.0680176068468938,0.340142157710003,-0.13,0.742,0.9976536190384493
801232.3919757,1.5931,1.0926961406060938,0.29615830295463913,-0.11,0.762,0.9978577323172142
801232.5921863,1.6994,1.2323068477881294,0.3825828381878419,0.13,0.771,0.9981147189493975
801232.7924564,1.7391,1.2191721734579468,0.34959805978406283,0.25,0.796,0.9981045885114312
801232.9919318,1.7593,1.2096626557953445,0.3300253967699256,0.24,0.804,0.9980762151386955
801233.1919377,1.6088,1.2443029916384576,0.4398886835849897,0.43,0.787,0.9973557630287148
801233.3928476,1.677,1.270552237702137,0.4320741706869154,0.38,0.768,0.9974049871381893
801233.5918333,1.5554,1.2331835592890772,0.45548271512007893,0.12,0.763,0.9974241429731685
801233.7919067,1.4539,1.1507963713137659,0.4238247165651008,0.38,0.755,0.9963070701104949
801233.991826,1.289,1.1361511876715107,0.4916297456545381,0.25,0.741,0.9963211122426016
801234.1921133,0.7329,1.0872149520424303,0.7207692462794498,0.27,0.706,0.9958908104177012
801234.3921375,0.5067,0.9891423841256832,0.7357710813492643,0.3,0.704,0.9945905678797498
801234.59196,0.064,0.9834380732177574,0.9514365953738851,0.43,0.695,0.9960632383370189
801234.7919849,0.0014,0.9386916262696833,0.937995338856252,0.12,0.662,0.9960947954304608
801234.9919875,-0.1452,0.759921329608521,0.8325200249569163,-0.02,0.721,0.9951475630237937
801235.1920659,-0.3151,0.7514503840049745,0.9089900775008984,0.13,0.707,0.9967432139468789
801235.3921381,-0.4519,0.7918998206272725,1.0178302538173312,0.18,0.685,0.9960150831264514
801235.5914811,-0.4229,0.6948144840620343,0.9062637969765249,0.37,0.673,0.9962758091103373
801235.7922277,-0.4717,0.6250126532893046,0.8608863865247581,0.17,0.616,0.9969253781744549
801235.9918701,0.0066,0.7022231954798132,0.6989352832643896,0.34,0.623,0.9972181138818944
801236.1913636,0.6054,0.8153604530990202,0.5126552993672304,0.46,0.633,0.9972684067390071
801236.3915755,0.9177,0.9226860710686737,0.4638314253306622,0.54,0.636,0.996962140565459
801236.591621,1.0606,1.0109609165782572,0.4806505793858573,0.21,0.636,0.9971818639619975
801236.7915621,1.0501,1.019691061362871,0.49465640190108995,0.28,0.632,0.9967534645669609
801236.991899,1.0407,1.063155213754056,0.5428108273530317,-0.01,0.592,0.9965098731034677
801237.1919825,1.0809,0.9800004452258639,0.4395382233239676,-0.26,0.554,0.9972644402461575
801237.3914646,1.1343,0.9616843488164958,0.39453505142855905,-0.01,0.564,0.9971707224691814
801237.5922635,1.3058,0.9717686117871208,0.3188732831473736,-0.19,0.57,0.9970600457459885
801237.7916738,1.2859,0.9724849798482355,0.329539212287425,0.62,0.615,0.9974829682216827
801237.9923274,1.1056,0.8787473873117496,0.32596519629491977,1.1,0.625,0.9976377824782421
801238.1922073,0.8941,0.7636648664014521,0.31659861902549785,0.91,0.638,0.9978540656929072
801238.392156,0.6561,0.7214501369709553,0.3934076511088567,0.85,0.641,0.9982504300956118
801238.5921081,1.185,0.9014585659767135,0.308944968488704,0.51,0.697,0.998637745563973
801238.7919427,1.657,1.3530531055472599,0.5245471102573951,0.16,0.72,0.998263548154889
801238.9921456,1.7104,1.6168313174831308,0.7616304918700701,-0.0,0.747,0.9985237762117929
801239.1914558,1.8073,1.7414138767322203,0.8377555290928479,-0.01,0.812,0.9987179649050238
801239.3917854,1.7971,1.8439260337953287,0.9453868885317801,0.27,0.814,0.9985088052384333
801239.5921762,1.7778,1.8655418881044294,0.9766519932086357,0.07,0.826,0.9989311011526935
801239.7920469,1.7986,1.8471919549345155,0.9479003668659223,0.05,0.851,0.9986721016734137
801239.9922056,1.8126,1.8806367534996733,0.9743449067010981,0.14,0.849,0.9983668386945572
801240.1924776,1.8327,1.9795638608897994,1.063192616043367,0.16,0.849,0.998466295314734
801240.3928507,1.8396,1.9918981948822658,1.072098676072178,-0.13,0.79,0.9985664169062277
801240.5920426,1.8533,1.9344752576152537,1.0078020613329097,0.08,0.762,0.9982324066493088
801240.7919631,1.8245,1.6832270988603293,0.7709922452768039,0.55,0.757,0.9983152171810122
801240.9920329,1.8668,1.5092705187341995,0.5758468512710573,0.26,0.741,0.9982199734338202
801241.1918869,1.7691,1.4049877083464668,0.5204143423083596,0.57,0.74,0.997468319282488
801241.3920072,1.8084,1.3253042976182572,0.4210943307049297,0.44,0.734,0.9975080456971109
801241.5919589,1.8717,1.37988765222528,0.4440516852529426,0.2,0.718,0.9978153102795252
801241.7919584,1.9828,1.5721879030855805,0.5807900337591009,0.17,0.74,0.996922681157322
801241.9919761,1.9796,1.6260829158655536,0.636304160022914,-0.14,0.751,0.9962895872119535
801242.1923926,1.946,1.5895327982361658,0.6165558930381261,-0.57,0.685,0.9961534852813377
801242.3921144,1.9535,1.6279542881435254,0.651225749693333,0.1,0.749,0.9942110805104405
801242.5916216,2.0349,1.6829346367759417,0.6654804267915222,0.11,0.775,0.9950183346959505
801242.7916904,2.0725,1.7810422592671193,0.7447888781494932,0.28,0.763,0.9964175393425797
801242.9920091,2.0663,1.691719797091723,0.6585912681844872,0.39,0.758,0.9959769307967242
801243.1914044,2.0556,1.6536770134383596,0.6258810988409821,0.4,0.759,0.9967589309992946
801243.3924019,2.1145,1.5771607147064866,0.5199328675897898,0.23,0.755,0.997165581634121
801243.5920914,2.1592,1.5875985966099189,0.5080053317437476,-0.03,0.726,0.9971253349803229
801243.7916936,2.1191,1.438214602805002,0.3786815062292279,-0.01,0.733,0.9975271772429217
801243.9921619,2.1962,1.6055992587150658,0.5075218685933484,0.08,0.764,0.9976454051261693
801244.1916818,2.2026,1.8741641089355126,0.7728826149262784,0.15,0.788,0.9968201010751915
801244.3913526,2.194,2.042292679168689,0.9453157470238363,0.28,0.834,0.9966164754357124
801244.5920528,2.2298,2.036495936311637,0.9215944449784488,0.36,0.831,0.9967421449593035
801244.7916793,2.2174,2.1398995022969007,1.0311889749300225,0.37,0.85,0.9971063332049633
801244.991869,2.2315,2.175661071231225,1.0599163687823185,0.15,0.844,0.9972312412056142
801245.1915923,2.2375,2.1797625472475395,1.0610022748904522,0.11,0.838,0.9974619849911027
801245.3916374,2.2218,2.263066770658318,1.1521802678152173,0.07,0.851,0.9979424265828267
801245.5919355,2.2606,2.1924190383281075,1.0621421939114484,0.05,0.864,0.998318481180978
801245.7921231,2.2863,2.1889884200376453,1.0458623866315295,0.15,0.86,0.998307385111706
801245.9919667,2.3041,2.103201316987791,0.951173879255462,0.15,0.847,0.9979973974260102
801246.1915026,2.2611,2.0038806143429526,0.8733402772049563,-0.01,0.822,0.9981819815328518
801246.3917083,2.3018,1.801249167396576,0.6503645837234557,0.04,0.803,0.9985271913670631
801246.5923336,2.2875,1.8029864942268763,0.6592417420096286,0.22,0.806,0.9983275394998455
801246.791749,2.3157,1.6405021880602508,0.4826713268016126,0.26,0.779,0.9979453595809729
801246.9920905,2.3589,1.7558891284068647,0.5764198619589245,-0.08,0.799,0.9980349760941732
801247.1920712,2.3962,1.9337850362510234,0.7356941098921099,-0.14,0.82,0.9978155502664842
801247.3920298,2.4215,1.8830549316464882,0.6722996763659489,0.24,0.82,0.9984162816747597
801247.5927274,2.3489,1.9496686617012835,0.7752124612340711,-0.03,0.828,0.9981749783924426
801247.7919939,2.3327,1.9853569892525758,0.8190125202677064,0.14,0.831,0.9982329749622555
801247.9919488,2.3673,1.8842019349580414,0.7005344025683864,0.16,0.832,0.9985877607604493
801248.1920079,2.4373,1.709752354863915,0.4910923939797149,0.26,0.827,0.9982395645158992
801248.3925162,2.439,1.7205984363524724,0.5011005326954677,0.18,0.824,0.9983827348934098
801248.5918097,2.4265,1.6937958554429868,0.4805570889468154,0.04,0.817,0.9977101956033139
801248.7917545,2.3668,1.7076297268928817,0.5242076474789195,0.17,0.833,0.99756029578031
801248.9918772,2.3571,1.795137525896397,0.6165987576063384,0.28,0.837,0.9980873985465462
801249.1919826,2.3602,1.77590774016796,0.5957927820174174,0.27,0.84,0.9975873511954896
801249.3918742,2.3452,1.8381794530032434,0.6655690892313197,0.29,0.842,0.9966838223682057
801249.5918266,2.4557,1.7686542924482664,0.5407948061275366,0.23,0.845,0.9975122586772865
801249.7915051,2.4911,1.7389764300119706,0.4934175953797995,0.19,0.842,0.9973699610376308
801249.9919155,2.5098,1.7048479896433852,0.4499436713830434,0.1,0.825,0.9973836178453352
801250.1921635,2.4617,1.6154182447044843,0.38458155747207085,-0.04,0.823,0.9979759374778533
801250.3921055,2.4486,1.5540579016642297,0.3297401106025556,-0.01,0.815,0.996910841622744
801250.5919983,2.4575,1.4480137859946305,0.2192676741401942,0.09,0.801,0.9969645464556508
801250.7914434,2.2092,1.3645037268722624,0.2598952029465349,0.02,0.796,0.9975859890020204
801250.9921497,1.1508,1.014830671701423,0.4394317220640568,0.4,0.77,0.9974788883089626
801251.1922358,0.2576,0.8268346238609929,0.6980561599091019,0.81,0.75,0.9969138506674252
801251.3923087,-0.069,0.7672374044930589,0.8017470131799034,0.47,0.702,0.997546953262679
801251.592027,0.0218,0.7626127066261399,0.751710922622419,0.26,0.658,0.997660690048492
801251.7917968,-0.0315,0.7158413045655606,0.7315786064807449,0.17,0.633,0.9978876472351782
801251.991921,-0.1419,0.686885526396039,0.757821962078938,0.29,0.659,0.9981839981336007
801252.1917939,0.0731,0.7359005982067394,0.6993676834695038,0.52,0.665,0.9978571778348441
801252.3918277,0.2039,0.7668378501294205,0.6648989762273801,0.35,0.681,0.9972644448980511
801252.5917174,-0.0129,0.818283814730844,0.8247161513763509,0.51,0.679,0.9972129863864713
801252.7917214,-0.3391,0.7487838451039488,0.9183469672583939,0.57,0.68,0.9975960842696315
801252.9919729,-0.3833,0.7352002281518597,0.9268424953394033,0.43,0.667,0.9964999715644571
801253.1916633,-0.9721,0.5854581293629337,1.071526999576969,0.32,0.645,0.9967045610584085
801253.3912852,-1.1544,0.7214383920428952,1.2986423307528894,0.52,0.666,0.9971085283273958
801253.5915316,-1.2694,0.7191621839909238,1.3538829520571238,1.24,0.568,0.9965576701187994
801253.7922331,-1.2431,0.8041263188397051,1.4257008918997243,1.04,0.567,0.9969740003671935
801253.9916393,-1.3108,0.5296693963866692,1.185093014547981,1.03,0.6,0.9969266349143163
801254.1918279,-1.3377,0.5598764260125485,1.2287442568808375,1.36,0.58,0.99701451941917
801254.3919525,-1.3797,0.5949085526351259,1.2847623602842424,1.45,0.548,0.9979806274294947
801254.5915554,-1.0319,0.466931835599603,0.9828682746457178,0.93,0.594,0.9977101568013892
801254.7916357,-0.1974,0.6126165993228463,0.7113005436298416,0.82,0.632,0.9980745563636275
801254.9918655,0.8957,0.8916247153234257,0.4437991886155338,0.31,0.661,0.9983135423287948
801255.1919332,1.1079,1.0006649735552182,0.4467119441690725,0.27,0.664,0.99824663463792
801255.391788,1.2509,0.9794447085930472,0.3539725662785951,-0.24,0.669,0.998685742665606
801255.5918894,1.2273,0.9866261135959693,0.3729593681936274,-0.11,0.736,0.9985708901340129
801255.7914525,1.0625,0.9732511209240736,0.4419950206950449,0.26,0.747,0.9982679695659825
801255.991908,0.7103,1.0342757372892097,0.679118944099211,0.25,0.738,0.9981009361917521
801256.1919312,0.7113,1.0290369571896587,0.6733810864863357,0.02,0.719,0.9980412699746648
801256.3922336,0.7325,0.9720284885796406,0.605794749575486,0.38,0.713,0.9972254113953747
801256.5925419,0.4358,0.836208219607213,0.6182900225705784,0.23,0.624,0.9965075749913026
801256.7919746,-0.1876,0.7297201650120129,0.8235001570254445,-0.15,0.579,0.9976103344996965
801256.9914869,-1.286,0.6084399267095688,1.2514434192848827,1.59,0.594,0.9976744479911306
801257.1919193,-1.4195,0.5974285262230457,1.3071585704388,2.08,0.543,0.9974958962334315
801257.3915959,-1.4671,0.6894387678114511,1.4229937445860876,0.45,0.556,0.9984296625635382
801257.5926913,-1.4756,0.6647418458529112,1.402535501487307,1.5,0.541,0.9983129112449752
801257.7919643,-1.47,0.6328985164902783,1.3678801730937817,1.35,0.559,0.998669154638272
801257.9917681,-1.4012,0.5789834277461217,1.2796020186671844,0.44,0.492,0.9989652818515727
801258.1917774,-1.428,0.5289244660347716,1.2429293677664057,-0.07,0.478,0.9986123393938086
801258.392186,-1.3972,0.5223082569574897,1.2209180904781551,0.74,0.488,0.9982112602676398
801258.5918677,-1.3908,0.42952166915476864,1.124898835326429,0.69,0.559,0.9977877494487966
801258.7920224,-1.3768,0.4346032141385854,1.1230258849772108,-0.19,0.556,0.9976219086508804
801258.9919586,-1.3717,0.4214275192605013,1.107288829890508,-0.19,0.477,0.9975995304923768
801259.191986,-1.6253,0.46341859754776915,1.2760802161826792,0.4,0.52,0.9969650857093213
801259.3916881,-1.6225,0.4872132594742822,1.2984869899859033,0.26,0.451,0.9967941366320683
801259.5919764,-1.656,0.382291229173733,1.2103107130385116,-0.23,0.478,0.9964877692370453
801259.7914155,-1.4763,0.3160721696011641,1.054246031826891,-0.29,0.488,0.9967637604836548
801259.992268,-1.4165,0.2890279417420205,0.9972977320020997,0.33,0.637,0.9979181263735546
801260.1923314,-1.0942,0.4334659316396103,0.9805451445413842,0.31,0.656,0.9979961321714917
801260.3919697,-1.0692,0.4214891278299105,0.9560943563051922,0.87,0.636,0.9983140037047309
801260.5919484,-1.1183,0.4234731815519619,0.9826413893379686,0.53,0.699,0.9987642677774338
801260.7920152,-0.9194,0.5079917368672734,0.9676877452665628,1.16,0.692,0.9983595362719739
801260.9919637,-0.9172,0.4601491304337024,0.9187573344645804,0.36,0.667,0.9984566692165617
801261.191837,-0.5852,0.5860877225497672,0.8786852113150169,0.29,0.668,0.9987244392667693
801261.3915131,-0.519,0.5725440696202109,0.8320392222066453,0.53,0.678,0.9983718509635702
801261.5920165,-0.5336,0.524533734789232,0.7913118394549473,0.28,0.657,0.998253282896362
801261.7919768,-0.9135,0.4112082078857924,0.8679668526773872,0.07,0.621,0.9978934121457584
801261.9926548,-0.8482,0.4368445163055433,0.8609407851657143,0.3,0.677,0.997112208462663
801262.192119,-1.205,0.27738298559725805,0.8798609983551979,0.37,0.624,0.9973343501473643
801262.3920427,-1.0133,0.3047219667146554,0.8113953311716663,0.2,0.639,0.9971840642576505
801262.5918098,-1.0213,0.3372373805299302,0.8479086438791055,0.1,0.61,0.9962870585052748
801262.7917544,-1.0307,0.3911729777048011,0.9065133725715334,0.45,0.591,0.996495406454935
801262.991944,-1.1098,0.43819011378780875,0.9930795998546716,1.07,0.589,0.9966000739156868
801263.192948,-1.2089,0.45276759329932514,1.0572155572596833,0.62,0.616,0.9973501211345874
801263.3924507,-1.2892,0.4220695371470996,1.0666530862071526,0.64,0.593,0.9974371362423077
801263.5918234,-1.2804,0.4168148315910232,1.057000126018213,1.01,0.606,0.9975062465738516
801263.7919534,-1.2659,0.34364528558711,0.9766031798738779,0.37,0.595,0.9981196772465081
801263.9918449,-1.2019,0.43047986703909097,1.0314281802696292,0.61,0.553,0.9981184353952223
801264.1933078,-1.0777,0.48824081794686014,1.0270800551468384,0.76,0.526,0.9985789189819797
801264.3916744,-1.0366,0.5681952490907001,1.0865185271242996,0.86,0.509,0.99824782289354
801264.5914646,-1.0037,0.46903657988016917,0.9708790272564226,1.16,0.569,0.9983469228847076
801264.7914874,-0.7772,0.5240629903943363,0.912666354987493,1.08,0.557,0.9985740200585925
801264.9914584,-0.6831,0.4468966431013296,0.788466876684845,1.63,0.582,0.9977026824052789
801265.1919829,-0.5888,0.521233185940188,0.8156087832870013,1.11,0.539,0.9977977361031319
801265.3920979,-0.4623,0.5117827866553007,0.7429105652279493,0.14,0.556,0.9975583157573807
801265.5914191,-0.4157,0.5002658211217212,0.7081049027108756,0.76,0.568,0.996622491618406
801265.7914403,-0.3488,0.5377857305357487,0.7122029500839374,0.11,0.639,0.9976045569795048
801265.992594,-0.4567,0.44968191234963945,0.6780164375524594,0.02,0.631,0.9969901904796349
801266.1916609,-0.2416,0.46951233481231036,0.5903130575782097,0.6,0.692,0.996642780340942
801266.3920167,-0.3564,0.3992185572934476,0.5774185234133596,0.26,0.699,0.9973116251272234
801266.591964,-0.4467,0.41156737633139007,0.6349086746323614,0.12,0.661,0.9978304398042335
801266.792811,-0.5296,0.4323335030479681,0.6971432662057347,0.68,0.679,0.9978910848028462
801266.9920791,-0.6017,0.4228423477417476,0.7236765656243566,0.52,0.672,0.9982365148283598
801267.1918341,-0.7395,0.38500690572023094,0.7547533482868369,0.29,0.663,0.9986715953022453
801267.3923694,-0.9309,0.3252375785627593,0.7906746811716905,0.63,0.674,0.9974448901722293
801267.5913207,-0.936,0.3908534935923224,0.8588431657075717,0.32,0.688,0.9980965297155121
801267.7927053,-1.0191,0.3985922161428166,0.9081497583188564,0.06,0.671,0.9977151149805752
801267.9923909,-0.9773,0.3601037319815009,0.8487548541737467,-0.17,0.674,0.9964461734980359
801268.1913867,-0.9613,0.576025408953012,1.056668539712529,-0.54,0.598,0.9973613269690459
801268.3928173,-0.8699,0.5612239027100123,0.9961648737614842,-0.04,0.601,0.9963581497100321
801268.5914196,-0.737,0.5754947973543718,0.9439795381489322,0.29,0.503,0.9963758342203755
801268.7914494,-0.7868,0.5508339827400482,0.9442176699416451,0.5,0.471,0.9971951263668979
801268.9916706,-0.8094,0.5201348944395047,0.924819135695781,1.65,0.42,0.9967950537392982
801269.1917718,-0.7613,0.5073791734442793,0.8880071785833499,1.49,0.427,0.9969993804131893
801269.3917826,-0.7887,0.4181793042153914,0.8125065807528126,1.28,0.424,0.9961753061447567
801269.5914519,-0.7821,0.3887064194511515,0.7797664205935299,0.95,0.424,0.9959713107438801
801269.7916578,-0.7411,0.3572801425782848,0.7278547732594083,1.03,0.416,0.996409045375713
801269.9918397,-0.719,0.34438594802769434,0.7038887351470724,-0.34,0.407,0.9964809985131123
801270.1917995,-0.5241,0.41513267488759165,0.6771590498585432,-0.1,0.44,0.9969962687989677
801270.3919401,-0.6249,0.3488327838600593,0.6612903694367852,0.14,0.429,0.9965909282966415
801270.591586,-0.8314,0.27640006985342674,0.6920751250046318,0.31,0.53,0.9974466551450463
801270.7917098,-0.8243,0.25277866115168746,0.6649099643263484,0.36,0.553,0.9979904355419751
801270.9914504,-0.8725,0.2289038629107039,0.6651475717866605,1.05,0.559,0.9981028404740231
801271.1929671,-0.7084,0.25326556636069547,0.6074460694405325,0.44,0.562,0.9981268357643204
801271.391581,-0.5299,0.26992666694950807,0.5348961515406715,-0.2,0.646,0.9979306817556064
801271.5921193,-0.2702,0.3888365662649509,0.5239394896767505,0.69,0.707,0.9977652623078661
801271.7916559,-0.3341,0.3632298586225362,0.5302979108939129,0.14,0.71,0.9977572457350512
801271.9918707,-0.4329,0.33916610272224984,0.5556031243266616,-0.04,0.695,0.9979639434322438
801272.1917169,-0.5588,0.3542239601041254,0.6336174160366211,0.26,0.68,0.9970318850858703
801272.3915299,-0.6676,0.3179774617662724,0.651777801234811,0.47,0.727,0.9970765419516857
801272.5918578,-0.6358,0.31035797939963067,0.6282625834302072,0.43,0.712,0.9976236700610421
801272.7917688,-0.6302,0.2832674502335145,0.5983429042685691,0.17,0.619,0.9968613830305814
801272.9916352,-0.6354,0.25682826492572447,0.5745172820683523,0.41,0.645,0.9975553561947577
801273.1919798,-0.7252,0.28400894479152833,0.6466033122899955,0.98,0.656,0.9974106490672138
801273.3919674,-0.7111,0.3627425137372114,0.7182951330359708,1.07,0.581,0.9962713511650737
801273.5920712,-0.7273,0.3956803530922393,0.7593384166612742,1.33,0.541,0.9976250052172524
801273.7917236,-0.6482,0.3790037708975884,0.7031193200678317,0.49,0.497,0.9980506746865697
801273.9920662,-0.5759,0.42065533327558224,0.7085944387085075,1.14,0.49,0.9976705061450898
801274.1920865,-0.4817,0.39091675341664894,0.6317896471442281,0.14,0.504,0.9979586610647118
801274.3920111,-0.4092,0.32056364978473306,0.5251747291288075,-0.52,0.441,0.9976709924939686
801274.5914685,-0.0889,0.4350561861908637,0.47951316491705637,-0.14,0.467,0.9978906690726422
801274.7917176,-0.0733,0.4171895055482552,0.453854808822008,0.28,0.533,0.9982026479566803
801274.9920017,0.059,0.42736685223303983,0.39788752327672167,0.48,0.541,0.9986210591417155
801275.1917839,0.3336,0.48016968060591325,0.3133513433115846,0.35,0.541,0.9980034606380022
801275.3919953,0.29,0.49186062569478306,0.34686819263548596,0.22,0.645,0.9975580228386919
801275.591782,0.2676,0.5040624160557237,0.37028671796998536,0.25,0.605,0.9980506820042413
801275.7919162,0.3177,0.48716921980298195,0.3283319028068885,0.05,0.634,0.9973522840086723
801275.9915738,0.3534,0.44591524429786505,0.2692400810476351,-0.21,0.681,0.9978071526004312
801276.1914686,0.3618,0.46184119324765743,0.2809606206128337,-0.19,0.656,0.9975865558039833
801276.3914312,0.4201,0.5596218599135923,0.34955609249449826,0.62,0.734,0.9971041686350304
801276.5922256,0.3938,0.5922669276324302,0.3953475718288027,0.24,0.752,0.9974849345715463
801276.7932078,0.3008,0.6210151198031577,0.47059991565451337,0.66,0.732,0.9970330602014507
801276.9919733,0.2613,0.5874753621737389,0.4568463008822483,0.11,0.684,0.9976286217194449
801277.1922621,0.3467,0.5610399726093943,0.38766660567483663,0.1,0.741,0.9968962479560057
801277.3919698,0.4764,0.680059918713621,0.4418631166708262,0.68,0.745,0.9971209777216409
801277.5918095,0.7576,0.9999761440520896,0.6211915648873497,0.42,0.792,0.9963442307912602
801277.7912994,0.8352,1.247099325547957,0.8295178332009496,0.36,0.807,0.9945346244136798
801277.9917302,0.8452,1.3055572762139407,0.8829554062046067,0.25,0.806,0.996205514521274
801278.1918941,0.8485,1.351311967683719,0.9270747784916656,0.35,0.799,0.9951228300304317
801278.3919778,0.8765,1.492047913435321,1.0538174964058984,0.1,0.807,0.9957952167350633
801278.5921158,0.8904,1.5344769494870016,1.0892957745684395,0.04,0.822,0.9965023330836784
801278.7929526,0.9243,1.6028819352245738,1.140720324040237,0.05,0.833,0.9962427291639345
801278.9919418,0.9536,1.6993770053891595,1.222594903348964,0.14,0.846,0.9969308728540741
801279.1919954,0.9759,1.6947918376758453,1.2068212876085254,0.06,0.822,0.9966802528811164
801279.3920092,0.9843,1.6886099925355718,1.1964444637154852,0.03,0.798,0.9966006316448569
801279.5920124,0.9953,1.484384540706502,0.9867200349776883,0.16,0.768,0.9968812276780239
801279.7915607,1.0027,1.252313583775906,0.7509595110981516,0.27,0.704,0.9972156636016547
801279.9923172,1.0302,1.2114235978477723,0.6963209055125616,0.44,0.675,0.9968587697163723
801280.1913462,1.0434,1.1790664349688416,0.6573678238960092,0.47,0.698,0.997050913315316
801280.3915711,1.0005,1.042684448712638,0.5424484418171082,0.71,0.715,0.9970083780751773
801280.5922035,0.9911,1.026343645219411,0.5307716748223464,0.61,0.691,0.9979777406189071
801280.7917489,0.9314,1.0075013286124173,0.5417783563896519,0.0,0.701,0.9982415013378468
801280.9921275,0.8535,0.8117755713662562,0.38503984674037955,0.34,0.7,0.9978657247109164
801281.192686,0.8936,0.8725390832643928,0.425732538097457,0.38,0.716,0.9979460274847683
801281.3919268,0.951,0.9194359977391334,0.44393231202160793,-0.01,0.734,0.9974858251935234
801281.5915919,1.0241,1.0482708460394996,0.5362231091679464,-0.06,0.789,0.9972220031061712
801281.7919681,1.0334,1.0843944593403294,0.5676884926411768,0.1,0.82,0.9969239011470781
801281.9915103,1.0639,1.1033008906083506,0.5713463684578852,0.22,0.819,0.9973615399662549
801282.1915001,1.0425,1.123057083456781,0.6017845304019611,0.16,0.801,0.9970642047329621
801282.3915228,1.0256,1.0472683798738973,0.5344794783354516,0.29,0.79,0.9968833092824468
801282.5915121,0.9823,0.9563643706534039,0.46522335749656646,0.41,0.784,0.9978154529344084
801282.7917858,1.0169,0.9513640055182224,0.4429085968538219,0.41,0.768,0.9975459911574088
801282.9918699,1.064,1.0319534718099501,0.4999565780027464,0.21,0.784,0.9981208817813526
801283.1919242,1.0541,1.0571102875717526,0.530079908481551,-0.14,0.761,0.9987739162597079
801283.3914313,0.9606,1.097480547045874,0.6171871121822287,0.44,0.793,0.9982103262880901
801283.5917129,1.0186,1.2810289531713819,0.7717530849355017,0.42,0.804,0.9986423656298716
801283.7928741,1.0641,1.3436834461506382,0.8116093131020945,0.31,0.799,0.9986730634260186
801283.9922439,1.0788,1.3776064568363777,0.8382148487972501,0.26,0.804,0.9981132381899158
801284.1916225,1.101,1.348878629018844,0.7983868282748746,0.22,0.808,0.9985055774368371
801284.3918165,1.1115,1.3560113058078491,0.8002501525989835,-0.04,0.802,0.9983321841736286
801284.591935,1.1169,1.3549159607384125,0.7964641403045952,0.01,0.807,0.9979874653201322
801284.7916008,1.1615,1.323885775196195,0.7431558657119939,-0.18,0.805,0.9979526575859693
801284.9928733,1.2106,1.3250649150222686,0.7197591298162339,-0.16,0.798,0.9973881217158941
801285.1919405,1.2074,1.352003240032473,0.7482988087478474,0.21,0.818,0.9971143902744307
801285.3919405,1.1766,1.3788959141596215,0.7905772515347659,-0.01,0.797,0.9975198873631002
801285.5919754,1.0701,1.1454218711769055,0.6103908662741065,0.45,0.799,0.9977764564184485
801285.7921661,1.0409,1.0637337860340657,0.5432682731714368,0.18,0.835,0.9977404570977034
801285.9919838,0.9819,1.0215279591965294,0.5305973172869557,0.21,0.82,0.9979230983026888
801286.1915621,1.0097,1.0412487095128007,0.5363884162668734,0.25,0.822,0.9982212533865987
801286.3913566,0.9336,1.027183461874977,0.5603957037280014,0.2,0.805,0.9979942372281768
801286.5921059,1.0265,1.0264293951544163,0.5131781553486999,0.1,0.804,0.9976229720997273
801286.7919791,0.9789,0.9522670144091916,0.4628075990882776,-0.17,0.771,0.9973268521580682
801286.9915015,0.7004,0.8280885010868358,0.4778899842850066,0.13,0.773,0.9971670398775209
801287.1915017,0.6354,0.8394198995680489,0.5217301865811139,-0.01,0.75,0.9974214966447186
801287.3919409,0.9373,0.9255038292388625,0.4568680895683139,0.36,0.744,0.9963153646210859
801287.5927895,1.0976,1.0254406029598755,0.47664136342611424,0.78,0.742,0.99640523159455
801287.7919705,1.0114,1.0868578850510044,0.5811356345704534,0.37,0.719,0.996985816630827
801287.9919747,1.1235,1.1347228638086944,0.5729719241761349,1.27,0.715,0.9971627411749451
801288.191896,1.2204,1.108077612139991,0.4978707615112703,0.44,0.725,0.9974498208473406
801288.391946,1.3477,1.3180518000490253,0.6442134400823212,0.23,0.714,0.9974030181853
801288.5916341,1.381,1.6022573896226826,0.9117692844449294,0.19,0.747,0.9972278953249379
801288.7921456,1.3906,1.793769116585723,1.0984496044103536,0.04,0.75,0.9973516136433216
801288.9920217,1.404,1.8025476962398292,1.1005668102757722,0.07,0.751,0.9975487716548049
801289.1915002,1.4117,1.7767921213957167,1.0709210222242207,0.45,0.789,0.9974272812370558
801289.3918757,1.4383,1.6532107023767568,0.9340539534977903,0.51,0.794,0.9978700555699483
801289.591849,1.4786,1.6009789651586441,0.8616958321300782,0.15,0.802,0.9975208599247214
801289.7915329,1.4908,1.5549681094412358,0.8095916878226104,0.07,0.81,0.9973727534381219
801289.9924504,1.4855,1.5159667936870045,0.7732382260345411,0.11,0.82,0.9972920030439937
801290.1918567,1.4546,1.5238217322092398,0.7965060036957216,-0.25,0.821,0.9972939803483921
801290.3915628,1.39,1.3493254287093503,0.6543357652501467,-0.43,0.794,0.9979500670638466
801290.5924101,1.2199,0.8826119572613356,0.2726690311111948,0.0,0.763,0.9985428732692868
801290.7924004,-0.2672,0.4060297961946823,0.5396481643915879,0.38,0.778,0.9984712800662351
801290.9918386,-0.3129,0.4361625927335769,0.5926201085414593,0.51,0.757,0.9983667040358447
801291.1919918,-0.4774,0.5113319832209706,0.7500435037299721,0.28,0.73,0.9986519101015661
801291.391791,-0.4217,0.49410779988730413,0.7049515916510847,0.0,0.739,0.9985565456721485
801291.5918516,-0.5514,0.5751961328380676,0.8508923980207997,0.5,0.711,0.9982896029270742
801291.7920337,-0.476,0.551964345816828,0.7899857599267095,-0.04,0.697,0.9980481921389935
801291.9922457,-0.4545,0.6580755235297645,0.8853209289749399,-0.86,0.663,0.9968193934795994
801292.1919201,-0.0621,0.9603561027314468,0.9914156016285178,0.32,0.607,0.9960936560802053
801292.3913318,0.2098,1.041875490561248,0.936957238742421,0.49,0.711,0.9951936395675334
801292.5919916,0.6709,1.034143669377316,0.6986886567344958,0.46,0.697,0.9956734943911955
801292.7919318,0.8492,1.0207690759900718,0.5961859485395615,0.35,0.74,0.9967132270030155
801292.9918547,1.1973,1.1194554096063756,0.5208013710537686,0.3,0.776,0.9960678374682236
801293.1918812,1.3849,1.2138575291737355,0.5213919346597186,0.36,0.757,0.997240327360247
801293.3920725,1.421,1.3016930729014453,0.5912097597187793,-0.06,0.759,0.9971047460179653
801293.5920126,1.4406,1.4418494738448602,0.7215562031805696,0.26,0.775,0.9970172772602688
801293.7919064,1.4493,1.5875291477684241,0.8628846590870203,0.5,0.789,0.9978849813915796
801293.9917813,1.4571,1.6711364595745755,0.9425855158611793,0.2,0.795,0.9980124796374599
801294.1920383,1.4699,1.7488936976389515,1.0139206845355127,-0.01,0.796,0.9982020173780647
801294.3915915,1.5088,1.716889832344395,0.9624840166892955,0.51,0.795,0.9985642256624189
801294.5924293,1.5259,1.638123558838233,0.8751820516649973,0.06,0.799,0.998526439983386
801294.7916816,1.5357,1.761547729719012,0.9937224619108513,-0.1,0.79,0.9985947799482706
801294.9919654,1.5403,1.7777074079043818,1.0075374819515528,0.18,0.792,0.9988779636647357
801295.1919497,1.5567,1.7657037197217742,0.9873511574134951,0.16,0.813,0.998422247153081
801295.3923129,1.5499,1.7212248627104234,0.9462619634995989,0.29,0.805,0.99786819678561
801295.5919525,1.5715,1.6065720924825013,0.8208371412084169,0.23,0.808,0.9981056510823743
801295.7918139,1.5718,1.4963375912735384,0.7104387599051676,0.37,0.805,0.9971971599666817
801295.9919669,1.5728,1.4087109018873833,0.6223249705468387,0.2,0.781,0.9974986217954052
801296.1917195,1.4509,1.2481634423255825,0.522699969472048,-0.01,0.787,0.9979987114242284
801296.3919487,1.5128,1.2671729380345782,0.5107481320542441,0.07,0.8,0.9969428385090626
801296.5914647,1.5224,1.260649553050812,0.49942865142386417,0.03,0.807,0.9976149588642954
801296.7917976,1.3345,1.076018848772583,0.4087799537937578,-0.11,0.777,0.9977201662652517
801296.9915416,1.0191,0.9171197998299147,0.40756139359608057,0.17,0.745,0.9973918997195067
801297.1920586,0.6695,0.8600658368755572,0.5252977303548584,0.07,0.706,0.9976363687522091
801297.3918152,0.9988,0.8916481767785933,0.39225137526776865,-0.02,0.746,0.9977279862866941
801297.5919533,0.7618,0.8317185487365584,0.45081341336312464,0.46,0.717,0.9976991671600719
801297.7917125,0.8162,0.8823799175230448,0.47426925015384985,0.54,0.773,0.9981122723409905
801297.9922751,0.8256,0.8937415863225089,0.4809313762799722,0.51,0.796,0.9982252418298849
801298.1920343,0.9532,0.9408620362791555,0.46427978655375396,0.29,0.802,0.9985542623228167
801298.3917414,0.7372,0.8876234424774664,0.5190201855949087,0.27,0.771,0.9984213990266728
801298.5918881,0.7127,0.9108222330881747,0.5544817315640308,0.14,0.771,0.9984952222309683
801298.7918138,0.6233,0.8604441171395324,0.5487958235837305,-0.07,0.781,0.9984308104635468
801298.9919189,0.8059,0.8472022301749693,0.444255244148741,0.11,0.796,0.9979215102070589
801299.1921537,0.7816,0.823611672031993,0.4328129038709051,0.13,0.798,0.9979797518455488
801299.3918972,0.7932,0.7506559225610956,0.3540426973263662,0.07,0.764,0.9976997862734207
801299.5919766,0.8908,0.769085114866313,0.32368383943772716,0.59,0.732,0.9976695381193453
801299.7917555,0.1413,0.8294534464080681,0.7588088632746097,0.7,0.635,0.996603527433557
801299.992115,0.4698,0.7361699452660879,0.5012845345907528,0.59,0.672,0.9971753892497884
801300.1916483,0.5615,0.7467983180597051,0.46604938634264825,0.42,0.676,0.997957098063242
801300.3920956,1.374,0.8508795619101548,0.16390133508006524,0.76,0.724,0.997574712196583
801300.5916092,1.2832,0.8880283702428924,0.24643271633427496,0.45,0.706,0.9979632537035525
801300.7918922,1.382,0.9747995924562263,0.2838112801493222,0.14,0.702,0.9977928756930662
801300.9922686,1.4295,1.0709424114403456,0.356173688440314,0.52,0.699,0.9973064561075456
801301.1918608,1.411,1.06373425169461,0.3582179489894836,0.48,0.721,0.9976880440305627
801301.3928992,1.4461,0.9552589473201767,0.23220854523001674,0.36,0.729,0.9977174413079776
801301.5919537,1.4213,0.9798331184016272,0.2691693655600572,0.41,0.739,0.9978564405246937
801301.7919529,1.3996,1.0268888434890584,0.3270999177986822,0.42,0.715,0.9976526604173863
801301.9921109,1.3245,1.020478376469219,0.3582209994093727,0.12,0.693,0.9971541030667246
801302.1918959,1.5063,1.1372565036111422,0.38412374456884596,0.49,0.725,0.9975016221617302
801302.3915231,1.5248,1.1919076007309297,0.4295257353993785,0.12,0.717,0.9969962246075804
801302.5915984,1.6385,1.4294001777964243,0.6101396030639039,-0.05,0.777,0.9975087796653158
801302.7919115,1.6721,1.5442497207694654,0.7081813737861906,0.06,0.783,0.9977348536803456
801302.9922393,1.6939,1.7172497574611107,0.8703033611435251,0.1,0.812,0.9966670634575762
801303.1914773,1.7248,1.7709962953443619,0.908587364202004,-0.09,0.828,0.9974645287083013
801303.3916454,1.7557,1.7989796749482718,0.9211511558758774,0.02,0.839,0.9978793317676843
801303.5919672,1.7771,1.8269578371112225,0.9384028787279718,0.15,0.837,0.9979059651051464
801303.7921485,1.7941,1.8221559278067545,0.9251032441818773,0.02,0.85,0.9982332773071888
801303.9914349,1.8027,1.7940224673782057,0.892693409150876,0.01,0.829,0.997524519088882
801304.1915751,1.8378,1.7105937173974033,0.7917032368285318,0.35,0.824,0.9977539570383747
801304.3922484,1.837,1.7461775534727502,0.8276799558225792,0.13,0.836,0.9981982292325096
801304.5919736,1.8436,1.6103760159382063,0.6885927425658623,0.07,0.833,0.9972594954172332
801304.791982,1.8235,1.525131538274443,0.6133586359680432,0.22,0.832,0.9974725171745015
801304.9923103,1.8132,1.1920254064207572,0.28543244475643725,0.24,0.824,0.9972980643652358
801305.1919088,1.7,1.1459900667287821,0.29598276767222115,0.14,0.831,0.9976359454080224
801305.3920598,1.5766,1.2975693863104258,0.5092628211488957,-0.11,0.83,0.9984594386508538
801305.5915623,1.4654,1.3417523566893208,0.6090634650609105,0.14,0.842,0.9985887841786577
801305.7920661,1.5621,1.4004783104993408,0.6194167422215515,0.1,0.845,0.9985011157419597
801305.9919327,1.615,1.422398534898108,0.6149198965392942,0.17,0.859,0.9983336045765698
801306.1922213,1.5565,1.4783571542469218,0.7001282924437909,0.12,0.864,0.9983089810474052
801306.3915471,1.534,1.2913636480505273,0.5243839028925011,0.03,0.849,0.9983911126551108
801306.5914948,1.5032,1.2943497645508966,0.5427371207113895,0.17,0.845,0.997910839375469
801306.791907,1.5633,1.422525374429431,0.6408736231325424,-0.04,0.849,0.9977925859811108
801306.9920773,1.5714,1.5951030870614427,0.8093936516058595,-0.04,0.859,0.9973261511118734
801307.1917477,1.6869,1.6420162905939173,0.7985785789251808,-0.04,0.857,0.997129268170991
801307.391677,1.7395,1.6982591303646253,0.828492884410689,0.08,0.865,0.9978551747067805
801307.5913753,1.7991,1.7262059309194435,0.8266508434561916,0.17,0.856,0.9978269873266499
801307.7914745,1.8465,1.7096698217599604,0.7864277106472148,0.08,0.856,0.9981456231896184
801307.9917561,1.8625,1.7427531855015532,0.8114807185420131,0.1,0.861,0.9984491969308165
801308.1919212,1.9315,1.6773433537780884,0.7116090779745572,0.11,0.858,0.9983347398959236
801308.3915103,1.9424,1.633842504193107,0.6626625283186091,0.02,0.858,0.9985892881097073
801308.5914792,1.9558,1.5928248640081966,0.614942550891142,0.07,0.843,0.9984232102607155
801308.7916057,1.9585,1.4344833515030997,0.4552447444691488,0.15,0.813,0.998012412028834
801308.9919955,1.9402,1.3194266224532714,0.3493211483460294,0.03,0.788,0.9980496949747979
801309.1915375,1.8461,1.3000031240006769,0.37697094642268475,0.43,0.775,0.9978837384075558
801309.391769,1.9671,1.4081953883151423,0.4246458509237198,0.61,0.788,0.9975296101412067
801309.5913094,1.9328,1.4428427367209211,0.4764547376927263,0.24,0.757,0.9978479970896025
801309.791473,1.8399,1.3860265271067225,0.4660532027337978,0.42,0.753,0.9974833901777321
801309.9919845,1.9312,1.4433146307875373,0.4777071366262153,0.5,0.757,0.9976131235781949
801310.1923232,2.0394,1.6200092943323554,0.6003158574737535,0.19,0.771,0.997638440417447
801310.3918499,2.0469,1.7561645815905076,0.7327311536765416,0.1,0.781,0.9977070928365189
801310.5917006,2.0539,1.9270642603461547,0.9001378906207914,0.22,0.812,0.9979442393989274
801310.7918952,2.0564,2.0868281549366072,1.058647098758917,0.34,0.85,0.9980133740671149
801310.9919679,2.0661,2.210087782765739,1.1770386906000352,0.03,0.853,0.9981110936669421
801311.1915366,2.0982,2.190375695136963,1.1412794944371303,0.36,0.839,0.9980617001097831
801311.3916431,2.1647,2.0247046203051715,0.9423654270892456,0.15,0.807,0.9984257463046519
801311.5916846,2.1845,2.060192659966921,0.9679190137561168,-0.04,0.828,0.9980493225363409
801311.7914754,2.1856,2.1332490769533745,1.0404735010850783,0.06,0.843,0.998256790637339
801311.9920019,2.2117,2.038444646741358,0.9325967743808226,-0.14,0.821,0.9983377836492859
801312.1917237,2.2123,1.9488038776100047,0.8426412442429071,-0.13,0.811,0.998126248715002
801312.3918032,2.2452,2.0090405758958725,0.8864264822287504,0.08,0.83,0.9984517105149529
801312.5917842,2.259,2.004331851482306,0.8748157252603685,0.16,0.787,0.9982190392689274
801312.7917899,2.1737,2.0213770074102744,0.9345307499580584,0.35,0.797,0.9978562436753299
801312.9914994,2.1728,2.0451310224406094,0.958729983365208,0.41,0.804,0.998392828308885
801313.1916554,2.139,2.022801665627357,0.9532945997602466,0.37,0.798,0.9987496075795975
801313.3921253,2.1073,2.0455101881274267,0.9918434835677097,0.37,0.813,0.9985699947070475
801313.5919057,2.0851,1.9609730981789713,0.9184416611456108,0.16,0.809,0.99873148804373
801313.7924713,2.1301,1.8153426426641728,0.75028573883395,0.16,0.787,0.9983609219379027
801313.9918342,2.1894,1.794675106443171,0.6999666534498797,0.16,0.784,0.997949289011155
801314.1920215,2.3071,1.6927344286585884,0.5391960675587609,-0.07,0.802,0.9984631283831369
801314.3920783,2.3148,1.4383132511683279,0.2809323667502727,-0.0,0.794,0.998261267183445
801314.5917266,1.8873,1.1600903095932091,0.21643302757255645,-0.06,0.791,0.997512435351198
801314.7919791,0.5547,0.8889727684339803,0.6115997692692714,0.17,0.758,0.9972733000769831
801314.9919167,-1.2124,0.5197329224842574,1.125927215489852,-0.09,0.706,0.996316329724331
801315.1920416,-1.3457,0.4871746796970839,1.1600058810275198,0.48,0.752,0.9971189412240965
801315.3921215,-1.72,0.3131029587344927,1.1730781870728788,0.31,0.697,0.998101136855984
801315.5919133,-1.9824,0.3402218819711824,1.3313983096014688,0.32,0.66,0.9979519784152718
801315.7922306,-1.8478,0.3292789883578411,1.2531664531153057,0.38,0.674,0.9985158792631219
801315.9920631,-1.5927,0.39820054143917333,1.1945356975384518,1.02,0.706,0.9982779469223586
801316.1918714,-1.4731,0.45821204256542575,1.1947860846246654,0.58,0.715,0.9981369155324474
801316.3920206,-1.254,0.5566369759290759,1.1836534806304313,0.1,0.708,0.9984765698885354
801316.5928502,-1.1401,0.6168439222952609,1.1868940572631812,0.38,0.713,0.9982839883396541
801316.7921714,-1.0837,0.5958355760190944,1.1376992832594226,0.17,0.696,0.9982960145721118
801316.9919215,-0.8422,0.7036657563845875,1.124752679642819,-0.1,0.652,0.9982292693734803
801317.1917599,-0.9659,0.633684018515402,1.1166357293580844,0.38,0.626,0.9978825861054775
801317.3922356,-1.5248,0.3748281733022267,1.137246932111746,0.53,0.633,0.9981680593540002
801317.5923963,-1.4895,0.3615700884958484,1.1063168468678461,0.56,0.622,0.9982186722495818
801317.7918508,-1.6343,0.3015037102321699,1.1186310267546755,0.69,0.606,0.9980488427762343
801317.9920842,-1.7436,0.27993833998059775,1.1517377740450252,-0.18,0.58,0.997679864702561
801318.1919091,-1.5238,0.35740941856431785,1.1192926330734574,0.44,0.617,0.9970833622430032
801318.391444,-1.3021,0.43702566056687314,1.088085808985677,-0.04,0.62,0.9980484009364606
801318.591666,-1.1887,0.4922252230300518,1.0865603403753736,-0.53,0.688,0.998227284652937
801318.7912779,-0.8661,0.5472369659967602,0.980294757642842,-0.21,0.688,0.9981301886508996
801318.9919171,-1.1434,0.4075122402569938,0.9791984804117024,0.01,0.692,0.9982386655732015
801319.1914293,-0.8968,0.48909450965125445,0.9375087087498417,-0.04,0.724,0.9982166484750035
801319.3918274,-0.7329,0.5568375937773071,0.9233103577388172,0.29,0.754,0.9985509475884523
801319.5920325,-0.6499,0.6536080766590256,0.9785725594649176,0.18,0.792,0.9987235061326811
801319.7915549,-0.5765,0.6834776278347706,0.9717258593038115,0.17,0.763,0.9985350804980293
801319.9916381,-0.6493,0.6671383300282834,0.9917985555934609,0.11,0.764,0.9983849589113367
801320.1919669,-0.9566,0.4762156334811004,0.9545159636517665,0.1,0.739,0.9979878123174999
801320.3914563,-1.1196,0.40945902325739997,0.9692352349441176,0.35,0.732,0.9979410012456563
801320.5919742,-1.1648,0.34025029984573196,0.9226513582494535,-0.07,0.746,0.9977615079366288
801320.7919784,-1.4639,0.3505232362839616,1.0824918450365895,0.1,0.724,0.9975722841850504
801320.9917979,-1.4739,0.32176615744859144,1.0587240920580725,0.58,0.734,0.9974620007150858
801321.191824,-1.4163,0.2648747216737221,0.9730194053648703,-0.05,0.668,0.9967553143017018
801321.3917555,-1.4274,0.23897947649397203,0.9527018781975736,-0.07,0.636,0.9971752664593548
801321.5914039,-1.325,0.28858367575336374,0.9510826278916066,0.42,0.612,0.996698131421652
801321.7921337,-1.3597,0.3117112581419212,0.9915575016751567,0.47,0.644,0.9972826407305136
801321.9919587,-1.1742,0.33854201360782393,0.9256450505704947,0.31,0.577,0.9975633116051608
801322.1918598,-1.1874,0.32863069805376366,0.9223423308603468,-0.14,0.547,0.9974689018170151
801322.3922839,-1.1763,0.4401964370490337,1.028358374987346,1.11,0.527,0.9977493115458334
801322.5919672,-1.0988,0.3852850376904356,0.9346615914549539,0.76,0.541,0.9968352194940977
801322.7919162,-1.0589,0.33039925712948726,0.8598304160707835,0.41,0.516,0.996782140909605
801322.9931435,-1.0721,0.31668246293215135,0.852744935322877,0.78,0.496,0.9973417635870178
801323.1919192,-1.0468,0.400074815027838,0.923472716455389,1.61,0.514,0.9973333664420595
801323.3916072,-1.1369,0.37971289379940015,0.9481543601094152,0.63,0.528,0.9969441999298725
801323.5916307,-1.0817,0.3704095543600725,0.9112537567816467,-0.17,0.564,0.9972852941999256
801323.7920335,-1.0235,0.3888594474096473,0.9005974075691823,0.21,0.596,0.9969021411098759
801323.9916666,-1.0416,0.4788186077252662,0.9996020303333543,0.05,0.6,0.9973297170560572
801324.1917738,-1.0602,0.4037034030661273,0.9337935076078987,-0.14,0.612,0.9978496036965453
801324.3921075,-0.9867,0.39071367369690163,0.8840674739975686,-0.01,0.609,0.9965531433780569
801324.591527,-1.0457,0.3921406040365248,0.9149928682175433,0.12,0.627,0.9963840831339926
801324.7923521,-1.0348,0.4354029032284317,0.9527799111250158,0.77,0.602,0.9961253947404125
801324.9922654,-1.0895,0.4026378083921102,0.947393425858019,0.67,0.596,0.9961858121370736
801325.1920552,-1.1769,0.3763800668135695,0.964813968028105,0.31,0.591,0.9961201075602623
801325.3916971,-1.1965,0.32114406284275776,0.9193902469575156,0.62,0.604,0.9964389753751957
801325.5920166,-1.2179,0.3414329153070846,0.9504026091437657,0.15,0.574,0.9968275441468782
801325.791697,-0.9858,0.35869676413822793,0.851576255826061,0.0,0.616,0.9972021495667085
801325.9917224,-0.9395,0.36332419564217544,0.8330971484000705,0.32,0.654,0.9978078373783397
801326.1919154,-0.8964,0.3994620248465953,0.8476482009544493,0.14,0.72,0.997964716550831
801326.391834,-0.8867,0.4275118353199151,0.8708629664877323,0.22,0.728,0.9979173591345467
801326.5925174,-1.0173,0.3966465320906784,0.9052898157693892,0.02,0.712,0.9977441734626133
801326.7918618,-0.9606,0.3613917609388485,0.8417121703942577,0.18,0.756,0.9976764641264476
801326.991758,-0.6561,0.3910744401805284,0.7191236481372767,-0.02,0.782,0.9976825286034618
801327.1917308,-0.8195,0.3380530616721107,0.7478110791048127,-0.16,0.784,0.9976487415148755
801327.3917607,-0.614,0.36555909872908415,0.6725445835113848,0.18,0.818,0.9978612312690802
801327.5912722,-0.7053,0.3173003948448003,0.6699335591544803,0.43,0.821,0.9975352852018438
801327.7919342,-0.994,0.2514390227602049,0.7484170910377564,0.26,0.811,0.9972217164062879
801327.9919554,-0.9287,0.2847983906100657,0.7491634703932204,0.19,0.798,0.9969630707991888
801328.1919599,-0.9604,0.2809323059671782,0.7611540982681556,0.22,0.773,0.9976610318917101
801328.3914077,-0.9312,0.26667430744246934,0.7322983358925487,-0.01,0.782,0.9972516757080596
801328.5917813,-0.9129,0.20825868157239877,0.6647218888720571,0.03,0.774,0.9969666613479434
801328.7916476,-0.9974,0.16536672150659362,0.6640824350280237,0.06,0.762,0.9968912809000939
801328.9919708,-0.9744,0.24627254980293045,0.7334809393413312,0.32,0.692,0.9958264421522819
801329.1919287,-0.8909,0.19911844782340518,0.6445517322519213,0.58,0.689,0.9966100061534707
801329.3917516,-0.7691,0.378937621057262,0.7634678450643313,0.48,0.649,0.9968662341606275
801329.5917548,-0.7997,0.31445167898563425,0.7142886591140389,1.13,0.656,0.9965316605292275
801329.7918932,-0.6538,0.326257119714574,0.6531350951483945,1.06,0.615,0.9962785435962388
801329.9917093,-0.5964,0.3832562251947602,0.6814317173636449,0.6,0.604,0.9968458108311296
801330.1915973,-0.4287,0.39919766509251126,0.6135261356691438,0.93,0.635,0.9970503860531423
801330.3917657,-0.3693,0.3609382544710421,0.5455797862996737,0.77,0.657,0.9958820627635856
801330.5916873,-0.3188,0.3370849735283416,0.4965009165102879,0.16,0.658,0.9962533542824392
801330.7920366,-0.3892,0.32126899627283967,0.5158884448707309,0.36,0.654,0.9971951634023124
801330.9919692,-0.4691,0.3634320256268865,0.5979692536259854,0.6,0.669,0.9964444590931308
801331.1920821,-0.3544,0.3252741584738536,0.5024522560440938,0.27,0.692,0.9970166000669004
801331.3922622,-0.4482,0.35178773934027524,0.5759059634583737,0.24,0.68,0.9966861777541913
801331.5916548,-0.4875,0.3921123586502716,0.6358505060909948,0.06,0.669,0.9965221928664558
801331.791974,-0.5833,0.42407133617288234,0.7157069873923021,0.19,0.672,0.9972678168763464
801331.9916012,-0.6151,0.33486811908339015,0.6424136952503685,0.04,0.618,0.9975873926093578
801332.1919682,-0.6794,0.31641530801111123,0.6561032046159574,-0.2,0.642,0.997646904682002
801332.3919781,-0.6804,0.26282663038064746,0.6030434294063143,0.25,0.659,0.9977439636797871
801332.5916962,-0.7246,0.272871881586039,0.6351600278326412,0.45,0.667,0.9981978335543744
801332.7919444,-0.733,0.27699374200711885,0.6435162081122162,0.61,0.681,0.9979814860552066
801332.9922344,-0.683,0.2762578819498984,0.6177594025205253,0.16,0.715,0.9982401623807505
801333.1918956,-0.6201,0.3077929043197168,0.6178603218398463,0.36,0.722,0.9981288138974106
801333.3919529,-0.6348,0.28448639080683236,0.6019050960303202,0.33,0.724,0.9987068769942642
801333.5919753,-0.5207,0.32761641332348407,0.58796766084325,-0.52,0.718,0.9985071074825763
801333.7922204,-0.4607,0.37128581182206744,0.6016250881513369,0.14,0.729,0.9978564944353402
801333.9919593,-0.4889,0.36037315992588576,0.604847110954316,0.09,0.792,0.9985435284468354
801334.191676,-0.5854,0.3668766147471271,0.659598575445182,0.06,0.794,0.9982081330484368
801334.3919798,-0.6628,0.37902602796665064,0.7104411873703427,0.67,0.752,0.9986391407416018
801334.5916812,-0.6543,0.4197316113990643,0.7469060776501202,-0.27,0.764,0.998681606224243
801334.7919877,-0.6346,0.3767233000608367,0.6940058929605806,0.2,0.769,0.997664191714051
801334.9917579,-0.641,0.39490446952053593,0.7154220414770425,0.31,0.75,0.9976987789699207
801335.1915615,-0.623,0.5598377395101404,0.8713429286526063,-0.18,0.739,0.9976358967178012
801335.3923579,-0.5785,0.367667357185685,0.6569258473228134,-0.33,0.719,0.9968153292590622
801335.591829,-0.5306,0.389214017853162,0.6545249258166956,0.18,0.668,0.9975599771416468
801335.7920046,-0.3974,0.3609977253841411,0.5597092471790478,0.36,0.701,0.9970989698769469
801335.9919373,-0.4089,0.319840945022596,0.5242766662426631,0.23,0.676,0.9970105368410903
801336.1931314,-0.4021,0.3119134972409158,0.5129464298914711,0.75,0.622,0.9975041533979115
801336.3920774,-0.2587,0.3101638219983514,0.4395262238429216,0.66,0.677,0.9966980312610056
801336.5919281,-0.2074,0.3028279892137205,0.4065210146499075,0.01,0.683,0.9975824232938377
801336.7919698,-0.2323,0.32792148529317156,0.44407375425251844,0.57,0.695,0.9980321351386271
801336.9935262,-0.2017,0.3827205381995461,0.48356338571597995,0.51,0.695,0.9973764971858605
801337.1919796,-0.1084,0.4276141903082349,0.48183638415402585,-0.26,0.648,0.9978538704011123
801337.3918413,-0.2311,0.3737613660558268,0.4893226609805632,-0.07,0.663,0.997775713345316
801337.5919734,-0.0191,0.36412129624645123,0.3736485978099134,0.84,0.695,0.9969564198123713
801337.7919607,-0.2858,0.22680143445885861,0.36971104529086546,0.19,0.673,0.9976062225055778
801337.9922393,-0.185,0.26437095079214123,0.35684781888177836,-0.01,0.681,0.9973861232558732
801338.1920077,0.0836,0.45923405911288623,0.4174310104269855,0.52,0.75,0.9954924686401871
801338.392098,-0.0244,0.35361579445853775,0.3658142320263669,0.23,0.722,0.99679944361057
801338.5918777,0.0372,0.4298161689768377,0.4111920321534697,-0.08,0.743,0.9970458521623711
801338.7919639,0.1111,0.4943324262617343,0.4387685243629034,0.31,0.729,0.9963453462376938
801338.9919707,0.0172,0.38499093304021986,0.3763985149258625,0.06,0.715,0.997483160573634
801339.1924126,0.0243,0.4182835785075781,0.4061375044854541,-0.16,0.732,0.9973232907789359
801339.39177,0.1696,0.6074591412628568,0.5226450984804573,0.18,0.81,0.9974387927419572
801339.5918673,0.0143,0.5702103084665712,0.563073345132988,0.1,0.791,0.9985212637599977
801339.7914615,0.0477,0.6116042799104974,0.58773693293067,0.19,0.786,0.998440865144759
801339.9920238,0.1383,0.6574855615142385,0.5883571426238723,0.48,0.774,0.9984412070117097
801340.1920099,0.0347,0.5235010566201652,0.5061619563510149,0.15,0.726,0.9985284132651612
801340.3919691,0.108,0.60449603561145,0.5504738077666581,0.38,0.748,0.9984352225783717
801340.5914964,0.0474,0.5307252745545036,0.5070479791588499,0.02,0.735,0.9986331393910166
801340.7918096,-0.0169,0.4689180674666907,0.47737585904388313,0.54,0.735,0.9986792539236583
801340.9920244,0.0072,0.4758646310908242,0.47227321118825993,0.21,0.736,0.9985976466074855
801341.1919328,-0.1766,0.34763599916745136,0.435953246480265,-0.01,0.718,0.9983497591352404
801341.3921422,-0.4875,0.3369084796476582,0.5806746478891734,0.06,0.677,0.9983044755561895
801341.5915992,-0.4055,0.3458918546765527,0.5486417688920963,-0.05,0.717,0.9975440353046766
801341.7915958,-0.4335,0.3473669409419875,0.5641253117208421,-0.17,0.707,0.9975707322761145
801341.9918301,-0.4815,0.5331297523230262,0.7738952170181557,0.02,0.686,0.9976023086340787
801342.1919395,-0.3598,0.4120689166140507,0.5919876803966565,0.28,0.749,0.9956997841336158
801342.3919919,-0.4677,0.5115221514407826,0.7453570583273282,0.32,0.762,0.9968914680885435
801342.592289,-0.4398,0.5321532681179665,0.7520399941547754,0.19,0.725,0.9972929094164673
801342.7918175,-0.3828,0.5031848197877296,0.6945975441268434,0.42,0.73,0.9966184276931287
801342.9925382,-0.2779,0.5087587032035857,0.6477333199544444,0.24,0.738,0.9978242553266398
801343.1920758,-0.2438,0.547205224489227,0.6691292347171085,-0.08,0.689,0.9974524687009425
801343.3915035,-0.0925,0.548309931952095,0.594583861212933,0.36,0.661,0.9975036696531642
801343.5917582,-0.1181,0.61743714968881,0.6764995174699188,0.1,0.635,0.9980627905323864
801343.7921777,0.0906,0.6806919629046131,0.6353983699599021,0.21,0.663,0.9980596336111293
801343.991795,0.1287,0.7139850559918337,0.649627823413579,0.71,0.663,0.9980147624439031
801344.1918195,-0.0217,0.6563889789146673,0.6672605654688526,0.65,0.614,0.9981724354768493
801344.3918659,0.0026,0.6387077899722495,0.6374108532752137,0.07,0.6,0.99844293820593
801344.5923605,0.1686,0.6333305589317789,0.549036483476362,0.47,0.592,0.997761041467018
801344.7917797,0.3114,0.700703764841241,0.5450180142187008,0.13,0.592,0.9978043430761145
801344.9918954,0.3307,0.6281102839236858,0.46277469483972855,0.03,0.536,0.9972146658123818
801345.1918345,0.4135,0.6029560529320643,0.3961891839627221,0.34,0.578,0.9968306004835861
801345.39245,0.3357,0.4875360517182124,0.3196983622318581,0.55,0.595,0.9970708396635266
801345.5918697,0.1686,0.5064632470887491,0.42215649323439813,0.44,0.597,0.9954753160419036
801345.7924107,-0.024,0.6736745248365371,0.6856515488514662,0.78,0.568,0.9932878990825845
801345.9914456,-0.0477,0.7751523264907771,0.7989814239505304,0.18,0.578,0.9930833972808428
801346.1919601,-0.0463,0.8174947741612132,0.8406387195875163,-0.09,0.582,0.9939707380587581
801346.3919365,0.0064,0.810872164639719,0.8076921243349526,-0.16,0.595,0.9937015685568762
801346.5916164,0.0755,0.8254728952361907,0.7877351996218094,-0.01,0.688,0.9946651424944348
801346.7916155,-0.006,0.8838771146712993,0.8868621051708574,-0.23,0.665,0.9935439930740226
801346.9922218,0.0634,0.8107341041474285,0.7790534555721853,0.69,0.728,0.9927840655799848
801347.1920892,0.0538,0.9517704458760581,0.9248557053896207,0.45,0.716,0.9938923424393419
801347.3913823,0.1174,0.8697787684294503,0.8110913889444783,0.29,0.704,0.9953017557466435
801347.591879,0.2085,0.8044281567234872,0.7001805017561831,0.45,0.706,0.9955596064115828
801347.7919533,0.3237,0.7375983915249062,0.5757237782810617,0.29,0.735,0.9949950768078946
801347.9916386,0.3517,0.7477977934384766,0.5719521904380218,0.24,0.714,0.996315728429093
801348.1920671,0.3799,0.8036654568653278,0.6137109668473308,0.47,0.71,0.9966498944739319
801348.3917967,0.448,0.7843170409869025,0.5603016771219336,0.41,0.643,0.9967504607687665
801348.5919637,0.3461,0.6526484722759307,0.4796194122457267,0.38,0.591,0.9971897642017454
801348.7920099,0.4034,0.6758828466125105,0.4741764857412529,-0.01,0.588,0.9972796437640099
801348.9925675,0.3674,0.7201966935379664,0.5365131841612507,0.63,0.584,0.9969061160718399
801349.1918264,0.4283,0.7530064707617142,0.5388557743023916,0.9,0.592,0.997556311061258
801349.3917697,0.4645,0.7988200708784887,0.5665616942618609,0.07,0.578,0.9976477880967181
801349.5919771,0.492,0.7679797138798944,0.5220018091719774,0.51,0.58,0.9974791545991565
801349.7921124,0.4971,0.7380701949559568,0.48953808218024514,-0.01,0.565,0.9972612781797552
801349.9917497,0.5816,0.8492324644639936,0.5584561784018214,0.14,0.631,0.9969359515076031
801350.1931286,0.6202,1.1540430354833031,0.843927514907608,0.43,0.631,0.9974681108108099
801350.3914685,0.6427,1.2881483739368949,0.9667870158363785,0.34,0.69,0.9976969433016619
801350.5916622,0.6601,1.4702112394751419,1.140153058058373,0.82,0.7,0.9975607200304689
801350.792381,0.681,1.5699285969706445,1.2294397490170432,0.73,0.737,0.9979546227087105
801350.991642,0.6974,1.6006484162002332,1.2519676479232176,0.61,0.728,0.997943238388357
801351.1919931,0.7316,1.602477598249131,1.2367003878473168,0.52,0.735,0.9979512904208084
801351.3919783,0.7558,1.5723154263792423,1.194405627767164,0.32,0.743,0.9982206052603854
801351.5919569,0.7836,1.586103998238554,1.1942991717160134,0.06,0.745,0.9958150482087441
801351.7920745,0.8088,1.5829978070825566,1.1785882062544404,0.09,0.739,0.9909513948724454
801351.9919898,0.8345,1.5338120661552264,1.11658167585972,-0.25,0.751,0.9916195866272197
801352.1914759,0.8414,1.2685756450590764,0.8478781871866861,-0.26,0.762,0.990648433775514
801352.3914618,0.8314,1.0891710083628077,0.6734789545718618,0.23,0.766,0.9898984337941362
801352.5919166,0.7594,1.0038414900682497,0.6241426957497921,0.35,0.716,0.9873327786487995
801352.7915606,0.5945,0.8916116993573342,0.5943851256119418,0.31,0.694,0.9889786222212739
801352.9919698,0.6708,0.8594963198919299,0.5240742465404786,0.53,0.681,0.9907235474805093
801353.1915654,0.7037,0.9334765584929317,0.5816213097862964,0.83,0.688,0.9951090326277601
801353.3913622,0.8509,0.9627982001152572,0.5373730318686789,0.41,0.706,0.9976501649941618
801353.5917828,0.839,0.9218179168473206,0.5023009198425626,0.4,0.676,0.9976479369944711
801353.7924579,0.8214,0.8602404269531521,0.44952580422699157,1.01,0.649,0.9980759127438069
801353.9916534,0.7579,0.8088749717927407,0.4299002788066774,0.35,0.589,0.9977516478450776
801354.1919672,0.7478,0.82389443963779,0.4499833760711893,0.48,0.568,0.998137934743946
801354.3918344,0.7439,0.8388635778419499,0.46691302043419114,0.35,0.561,0.9982139209347269
801354.5915961,0.7542,0.7902656497018691,0.413161415084694,0.66,0.588,0.9977498245453656
801354.7919158,0.74,0.7486217682145938,0.3786329210560174,0.03,0.603,0.998260703522472
801354.9932288,0.675,0.6639828151406424,0.3264589652927863,0.26,0.549,0.9981521005208716
801355.192015,0.2492,0.49967666318252274,0.3750591700141737,0.63,0.545,0.9982392853290742
801355.3922087,-0.2509,0.3795406243042763,0.5049959287651391,0.65,0.559,0.9988028067649456
801355.5916198,-0.48,0.3208389689835957,0.5608352143431969,0.62,0.545,0.998569486107294
801355.791678,-0.6024,0.3312921239825756,0.6325044369059218,0.28,0.589,0.9985470334075949
801355.9916548,-0.6374,0.297349851557434,0.6160608296256785,-0.15,0.628,0.998544544902871
801356.1918726,-0.4922,0.323381413653971,0.5694597002967603,0.22,0.668,0.9983985878559586
801356.3919322,-0.3205,0.42452202073852263,0.5847809057208748,-0.58,0.614,0.9987257765277786
801356.5919647,-0.4715,0.41808363952002836,0.6538245004042486,-0.44,0.61,0.998735896304679
801356.7920391,-0.4093,0.4095807292918097,0.614245426613489,0.39,0.624,0.9989700815094867
801356.9916623,-0.3389,0.4658183953607329,0.6352440921361019,0.95,0.644,0.9989081591802302
801357.1936872,-0.295,0.4787134005204229,0.6262288333796016,0.8,0.648,0.9988800797469518
801357.3919016,-0.1752,0.5185145721262698,0.6061300924632322,0.12,0.67,0.9989882702023535
801357.5918723,-0.0459,0.536246490700682,0.5591766069545003,0.66,0.685,0.9990497694930668
801357.7924441,0.0675,0.562071531712486,0.5283200094398298,0.06,0.688,0.9991151251463423
801357.9919035,0.0921,0.5868160842013908,0.5407527123211853,-0.55,0.683,0.998700208680899
801358.1920416,0.0386,0.5663014424206408,0.5470077662865712,0.02,0.645,0.998594615482992
801358.3920799,-0.0976,0.4397924709505833,0.488605890873311,-0.26,0.678,0.9985082418200123
801358.5919558,-0.182,0.38888260856447626,0.4798859969202479,0.14,0.664,0.9983149936123246
801358.7919363,-0.1034,0.4200842098332863,0.4717838731060143,0.28,0.641,0.9984027638866518
801358.9916738,-0.143,0.41978137632248363,0.4912886745875294,0.03,0.621,0.9981676129422805
801359.1915496,-0.2346,0.37667351571671165,0.49399192228095223,0.4,0.591,0.9983326512718902
801359.3921933,-0.2868,0.3692825559994422,0.512704954398321,0.7,0.54,0.9984768326481183
801359.5916386,-0.31,0.4014085384263478,0.5564202842775812,0.65,0.536,0.9985640541105166
801359.7919473,-0.4287,0.3582809900307569,0.5726344711243101,0.33,0.554,0.9984086597472247
801359.9916338,-0.4175,0.352942952534261,0.5616971718343925,-0.19,0.564,0.9984465188849465
801360.1916817,-0.4343,0.3333808538070317,0.5505374723640014,0.37,0.551,0.9985265561095226
801360.3920141,-0.2497,0.32137481554099956,0.44622364896062644,0.04,0.556,0.9984839327451631
801360.5916546,-0.2783,0.37091693569226925,0.5100817968392112,-0.3,0.55,0.9980153778098377
801360.791614,-0.3778,0.4444746536257712,0.6333762762399131,0.49,0.54,0.9980932568659494
801360.9914046,-0.3694,0.6322474787827294,0.8169452911749235,0.66,0.647,0.998109429439741
801361.1921865,-0.3208,0.40087552515312647,0.5612613788216689,0.29,0.68,0.9978997222262384
801361.3919674,-0.3694,0.41974964731774517,0.6044742084963669,0.14,0.667,0.9978128586558381
801361.5917449,-0.2669,0.49499767773150627,0.6284576602749251,0.54,0.7,0.9977695993684197
801361.7917783,-0.1572,0.3891403664902185,0.4677604081676006,0.07,0.724,0.9972089061220185
801361.9918048,-0.2065,0.3798820203794836,0.4831362414236231,-0.05,0.726,0.9977903508222183
801362.1917848,-0.1719,0.31691614469012347,0.4028830470758897,0.11,0.74,0.9978364222891855
801362.3914937,-0.0436,0.47109971379289894,0.4928931682722425,0.29,0.813,0.9969788681879637
801362.5915546,0.1497,0.5768020841755424,0.5019358921923276,0.26,0.799,0.9980593904406455
801362.7917631,0.1813,0.613658540500649,0.5229895244560926,0.05,0.799,0.9980840687564281
801362.9921359,0.2421,0.6925458792357799,0.571508908846155,0.33,0.785,0.9975038242180887
801363.1920063,0.2135,0.6234626270937415,0.5166947588579175,0.11,0.786,0.9977150149568103
801363.3918951,0.1956,0.5954257594688216,0.4976071734299518,0.06,0.791,0.997666814923531
801363.5922273,0.1454,0.5189429757180671,0.44622503626683924,0.19,0.735,0.9975314749594958
801363.791739,0.0379,0.3614972030156061,0.34252356366830095,0.1,0.698,0.9977840058033346
801363.992109,0.1893,0.6243217002571196,0.5296714018422675,0.01,0.71,0.9976632900752284
801364.1917827,0.2281,0.7099830235636495,0.5959561308790208,0.8,0.677,0.9976785529029232
801364.3929863,0.1455,0.4647068445056364,0.3919775129924294,0.87,0.606,0.998214146030521
801364.5915126,-0.0396,0.42348597361613194,0.44326739264862536,1.56,0.629,0.9988443361417713
801364.7921433,-0.0103,0.4265992123903498,0.43172585008421976,1.36,0.621,0.9988916451167321
801364.9917081,-0.0862,0.4397628538425604,0.4828451345243918,0.94,0.663,0.9988432021809687
801365.1930396,-0.1774,0.38258651386754955,0.4713111069317211,0.12,0.663,0.9986027824545427
801365.3919665,0.0939,0.5140014312996534,0.4670677992882853,0.1,0.684,0.9981062259532858
801365.5919462,0.2182,0.5947220269912695,0.48561365068367723,-0.16,0.702,0.998324243112315
801365.7919633,0.2795,0.7303290484582424,0.5905643281253765,-0.78,0.731,0.997763017814863
801365.9917132,0.2304,0.5260328074540508,0.41083553324577904,-0.1,0.699,0.9977367724522782
801366.1920133,0.0922,0.4013380942205028,0.35522429275377987,0.36,0.74,0.9981533332130543
801366.3917909,0.116,0.4384855489411294,0.38049823983171455,0.25,0.762,0.9977600112985919
801366.5916198,0.0691,0.4111930220360806,0.3766351075074937,0.39,0.763,0.9984304738745283
801366.7922313,0.0568,0.41826695696319416,0.38988919607301703,0.02,0.766,0.9987339838735722
801366.9940497,0.1331,0.5107983585415088,0.44425266956255627,0.21,0.803,0.9983014102845802
801367.191639,0.15,0.5092030802736655,0.4341805888120777,0.06,0.799,0.9985681209802753
801367.3916004,-0.0414,0.5423482615950674,0.5630496855023841,-0.24,0.79,0.9984268219639998
801367.5922727,-0.1381,0.4668642218292349,0.5359036478387406,0.1,0.789,0.9978523907325012
801367.7928391,-0.3084,0.4333544837443976,0.5875312253902547,0.02,0.769,0.9980788336417522
801367.9917627,-0.3132,0.4081729019220196,0.5647814859075764,-0.1,0.764,0.9974932937691574
801368.19175,-0.3094,0.3718340318493279,0.5265275072407168,0.42,0.747,0.997134977649626
801368.391564,-0.3155,0.4377022874766784,0.5954399256464628,0.42,0.672,0.9976773571454313
801368.5916978,-0.1016,0.5136539622698478,0.564429056983404,0.53,0.699,0.9971039562103502
801368.7922185,-0.1146,0.49558394115843224,0.5528713420401586,0.99,0.689,0.9977697772297225
801368.9919818,-0.1801,0.519269277559001,0.6092989904369523,1.02,0.672,0.9982137004272343
801369.1920386,-0.0575,0.4496484600004346,0.4784018737477968,0.47,0.682,0.9978906505859151
801369.393,0.016,0.510188174843943,0.5021792644298846,-0.17,0.677,0.9981190029798168
801369.5920348,0.0635,0.5631503941339924,0.531397210354703,-0.06,0.688,0.9976467683117772
801369.792004,0.0991,0.5739897915742822,0.5244435522255191,0.02,0.686,0.9978982998814532
801369.9919157,0.1368,0.5976278256447651,0.5292158588552132,0.04,0.684,0.9981191370993225
801370.1916179,0.1119,0.49939626086798405,0.4434380038225003,0.24,0.69,0.9978804600416497
801370.3920646,0.2121,0.5349723769227904,0.42892823491536136,0.52,0.683,0.9978430464216678
801370.5920254,0.1775,0.4566370566221735,0.36786298713007637,0.45,0.694,0.9975946318082252
801370.7913599,0.222,0.5139406340780698,0.40292730728946285,0.3,0.669,0.9977420681416165
801370.993104,0.2047,0.45799265399119243,0.3556323567026972,0.54,0.641,0.9980986706068061
801371.1920362,0.1175,0.45528972409581986,0.39655668833946967,0.23,0.624,0.9983289004295216
801371.3913888,-0.0007,0.4525028164437499,0.45284957694222994,0.08,0.64,0.9976496946002277
801371.5924471,-0.0358,0.5674466381112364,0.585346612936968,0.12,0.61,0.9977482784343116
801371.7931904,-0.0547,0.5931562534163229,0.6205023719887244,-0.07,0.488,0.9970488177749791
801371.991975,0.079,0.6308919453769998,0.5913774042034904,0.21,0.53,0.9969147197646768
801372.1923728,0.1168,0.48951716154843034,0.43111161292352174,0.01,0.58,0.9973843004817821
801372.3921501,0.1397,0.43722891481659554,0.3673749100141589,1.19,0.609,0.9970172663990409
801372.5921032,0.04,0.4148789476734265,0.3948751142616282,1.14,0.571,0.9975390643765578
801372.7917942,0.0487,0.37167489305550055,0.3473383165869692,0.63,0.622,0.9978516442880747
801372.9917708,0.1189,0.38414323807268347,0.3246787926393903,1.23,0.594,0.9980537093050024
801373.1917135,0.0256,0.36408138446091803,0.35126661097634726,0.35,0.598,0.9983872983903916
801373.3914575,0.0736,0.3680119712146642,0.3312265690571314,0.13,0.582,0.9983371749254827
801373.5919635,0.0013,0.3254751805092855,0.32481546413353235,0.45,0.584,0.9983305384691533
801373.7917702,0.0722,0.3828846297668655,0.3468069941981909,-0.38,0.713,0.9981366737697417
801373.9917238,-0.0106,0.3578570905817963,0.3631360288367887,0.03,0.728,0.9974911368355895
801374.1929958,0.0058,0.3611342502870702,0.3582097144219219,0.46,0.705,0.9976342870302796
801374.3913836,-0.1653,0.4558797963479008,0.5385506329063081,0.23,0.695,0.9975183230103906
801374.5921015,-0.137,0.2990830346356781,0.3676056491471339,0.53,0.741,0.996595890211154
801374.791921,-0.2032,0.27491923071733326,0.3765040785400307,0.46,0.658,0.9972787910550477
801374.9918624,-0.2726,0.2825498306759298,0.41883296143310034,0.29,0.691,0.997787388079073
801375.1919088,-0.224,0.2873731489767793,0.39934994369998966,0.76,0.693,0.9975658610768614
801375.3919626,-0.2549,0.291053145521724,0.4185253514808513,0.61,0.733,0.9975449816727676
801375.591744,-0.2687,0.30171757925545917,0.4360835435230814,-0.22,0.715,0.9975980792495173
801375.7918558,-0.173,0.2586306864940138,0.3451490997616293,0.48,0.671,0.9963310364392322
801375.992058,-0.1737,0.3937144572025888,0.48056285656798875,0.56,0.58,0.9971719649752934
801376.1917859,-0.1628,0.47789339775765266,0.5592831206420015,-0.57,0.553,0.9978113163320407
801376.391939,-0.0522,0.5037707095025871,0.5298780230449158,0.11,0.57,0.99713464103431
801376.5919,-0.1439,0.6802893022459195,0.7522503521790943,0.72,0.515,0.997000159894581
801376.7919372,-0.1235,0.7936609984455577,0.8554284901168928,0.4,0.618,0.9970002373701894
801376.9920528,-0.075,0.6275871425656838,0.6651108199210976,0.48,0.65,0.9963697743333134
801377.1920043,0.0612,0.6060935584500632,0.5754803993440359,0.36,0.629,0.9966764281726268
801377.3920007,0.2074,0.6137763284007717,0.5100527433384011,-0.13,0.594,0.9972733635396875
801377.5918298,0.2684,0.5711790437692803,0.43695413182098547,-0.27,0.643,0.9971098823698794
801377.7914894,0.2574,0.4692429126023804,0.340544549023636,0.09,0.607,0.996808061794763
801377.9918543,0.2594,0.3801822120551399,0.25046118320145194,0.64,0.627,0.9968327730271516
801378.1917505,0.2516,0.43720971807691045,0.3114193561167935,0.83,0.663,0.9975480598295337
801378.3915803,0.2277,0.44054933660797796,0.32670543596918666,1.0,0.651,0.998171294252878
801378.5919576,0.2571,0.5973849712789844,0.46881624119616605,0.67,0.688,0.9985848121777479
801378.7919729,0.2755,0.5582123965878492,0.420486396098529,-0.24,0.675,0.9985655316984229
801378.9921288,0.328,0.6131472268792679,0.4491345271632889,0.29,0.633,0.9983859124643889
801379.1913479,0.2828,0.5957472455840744,0.4543659935071324,0.06,0.628,0.9980665513447623
801379.3919064,0.1819,0.4581275292995399,0.36717593756285266,-0.32,0.637,0.9983486805300326
801379.5917564,0.1599,0.4464487253429981,0.3664945305728221,0.27,0.64,0.9974563531119089
801379.7920581,0.0164,0.3604604372711232,0.3522516596989322,0.46,0.669,0.9963756652947082
801379.9917295,0.1008,0.3745931716176581,0.3242090788931617,0.09,0.729,0.995905923104409
801380.1919519,0.0084,0.2855730398683202,0.28136268815168275,0.93,0.67,0.9941301868507264
801380.3920469,-0.007,0.2526552333178568,0.25614478483684744,0.29,0.675,0.9960469521999604
801380.5914112,-0.0581,0.1730749679135358,0.2021089498724179,0.51,0.673,0.9949180973102392
801380.7917518,0.0912,0.2470005795580889,0.2013926870392176,0.56,0.694,0.9951925883618137
801380.9917788,-0.1942,0.2747550711381137,0.3718665556362167,0.68,0.703,0.995499828495483
801381.1916881,-0.1531,0.29066058773869646,0.3672049318649828,0.98,0.715,0.9954103314547076
801381.3918468,0.0091,0.33731160367487373,0.3327372115001544,0.37,0.746,0.9973286272113422
801381.5917533,0.0869,0.4073554481843257,0.36392511212672957,0.28,0.736,0.997155594188577
801381.792197,0.183,0.46173228703092634,0.37020827934532685,0.43,0.712,0.9968709528230804
801381.9919007,0.1097,0.4450013375886606,0.39016517829249586,0.05,0.616,0.9967404623985286
801382.1918695,0.2351,0.4237701039838078,0.30621069705367804,0.17,0.63,0.9976538156998336
801382.3923089,0.2588,0.3971920730679677,0.26778758647416556,0.74,0.652,0.997505604996283
801382.5920195,0.1975,0.48633125229672014,0.3876001413502567,1.39,0.586,0.9980828926147008
801382.7918718,0.1929,0.48650896671435473,0.39007061909713503,0.41,0.59,0.9982000503939037
801382.9916849,0.1612,0.45495387679202604,0.3743635871605139,0.9,0.577,0.9981589398622136
801383.1918237,0.1071,0.4717658026964005,0.4182210596523967,0.76,0.567,0.9985263644636125
801383.3919223,0.0665,0.5112755690283999,0.4780252724101441,0.26,0.541,0.998288412654119
801383.5919513,0.0359,0.49141723381947144,0.47348217093761386,-0.34,0.53,0.9984001923852567
801383.7915072,0.0617,0.46128167748211146,0.43043597198017647,0.24,0.629,0.9976559132187036
801383.9922524,0.0761,0.5410257050799355,0.5029797298195209,-0.04,0.629,0.9979065247181778
801384.1920355,-0.0338,0.6627125480723319,0.67960568737455,-0.15,0.641,0.998322633604328
801384.3915704,-0.0367,0.694696441206589,0.7130236794450728,0.75,0.612,0.9971532045421528
801384.5919241,-0.0132,0.7495288874646409,0.7561141349450554,0.78,0.648,0.9971944497949572
801384.7923166,0.152,0.9729657027782173,0.8969782572301517,0.87,0.678,0.997819288877007
801384.9916174,0.2894,1.2415145003227241,1.0967936406273238,1.07,0.715,0.9975256497352294
801385.1917879,0.3138,1.4743592739862241,1.3174459986066347,0.84,0.736,0.9981385071898788
801385.3915578,0.3481,1.4769003795245126,1.302855612592845,-0.05,0.733,0.9983628391788538
801385.591761,0.3691,1.4779502667599977,1.2933872883453816,0.29,0.742,0.9974458457295874
801385.7919615,0.3788,1.5200268439698716,1.330630521588727,0.02,0.699,0.998026678276368
801385.9919808,0.403,1.4965393494784645,1.29502602918144,0.01,0.713,0.9981706670851659
801386.1920229,0.4282,1.4977450869036038,1.2836458012465544,0.17,0.684,0.9978009458452936
801386.3917499,0.4716,1.5343091877289579,1.2984979297625927,0.2,0.68,0.9979561785532355
801386.5918173,0.4937,1.5531853131488393,1.3063521996819683,0.08,0.669,0.9973027834927218
801386.7922296,0.5206,1.502022396334446,1.241724385617222,0.29,0.651,0.9964704274208184
801386.9921832,0.5056,1.2971341699971104,1.0443462969600863,1.3,0.644,0.996320543116072
801387.1913894,0.4781,1.0889323378336992,0.8499001051231182,1.52,0.622,0.9960206432267951
801387.3926648,0.4968,1.0649538413767894,0.8165588168398609,0.91,0.623,0.996080983814493
801387.5916781,0.5278,1.0576730983658102,0.793755280714833,0.71,0.635,0.996338742047247
801387.7917983,0.5472,1.1208278157387301,0.8472057206626532,0.8,0.665,0.996368977149773
801387.9918483,0.5659,1.184196703925841,0.9012462370495445,0.34,0.661,0.9960984666365427
801388.191968,0.5776,1.2639241975531506,0.975138847027355,0.08,0.724,0.9967159427026403
801388.3921803,0.5754,1.206479363254977,0.9188017812368747,-0.12,0.787,0.9973338180996905
801388.5919272,0.5908,1.0943713329206817,0.7989611157801589,0.38,0.752,0.9976707387734898
801388.792049,0.5612,0.9608110875297133,0.6801990970795064,0.27,0.748,0.9976391718492719
801388.9919167,0.5571,0.9802493188826267,0.7017150110847697,0.06,0.762,0.9974392864871293
801389.1918233,0.5706,0.9687238353039076,0.6834157160462928,0.26,0.771,0.9979169314322811
801389.3918886,0.595,0.9694510622607476,0.6719503452082772,-0.0,0.787,0.9980759907578183
801389.5919723,0.6122,1.056410476304503,0.750296429922935,0.03,0.813,0.998380334827314
801389.7919496,0.6412,0.9997327103952124,0.6791198168688654,0.13,0.787,0.9983117175468313
801389.9919292,0.6793,1.0317156753215921,0.6920421268857716,-0.01,0.814,0.9976400585964432
801390.1918235,0.6907,1.0269542564918597,0.681620853475825,0.12,0.801,0.9983391718758442
801390.3921542,0.7139,0.9948680689006084,0.6379026858273495,0.3,0.808,0.9985689868691889
801390.5921294,0.724,0.9600300994848064,0.5980159263754072,0.49,0.82,0.9982339552937286
801390.7918427,0.7398,0.8772979783590041,0.5074177473652259,0.37,0.783,0.9984572991641487
801390.9921865,0.728,0.7517261794048621,0.387735448484696,0.27,0.767,0.9984778376352875
801391.1919584,0.7022,0.7047492624940985,0.35364210590956235,0.19,0.764,0.9984628964995393
801391.3918834,0.6347,0.6209769150426575,0.3036409409272087,0.35,0.749,0.9986397719961089
801391.5914344,0.5105,0.5187485144510161,0.26350917550610686,0.15,0.744,0.9983121371120244
801391.7919633,0.1649,0.37964940279865034,0.29722126101177054,0.04,0.708,0.9981556707825222
801391.992209,-0.2088,0.2947382469785219,0.399142122951815,0.45,0.744,0.9981911310515469
801392.1919772,-0.4625,0.24469174954259829,0.47596520412277127,0.49,0.744,0.9983765550565271
801392.3920397,-0.6319,0.2719288251670924,0.5878973107006424,0.47,0.726,0.9984801827032814
801392.5919372,-0.5753,0.2934876472219129,0.581129559959753,0.44,0.711,0.9975113044354635
801392.7919388,-0.4907,0.23363932033226542,0.47899881221362484,0.15,0.75,0.9976220689647199
801392.9920719,-0.5222,0.26891976925651856,0.5300109027388441,0.41,0.757,0.9979117487082154
801393.1913572,-0.5115,0.26736356496962693,0.5231312361744529,0.5,0.752,0.9977412374201002
801393.3917725,-0.4873,0.2651077197941719,0.5087568431032898,0.12,0.717,0.9979558164755853
801393.5920594,-0.1225,0.41409888942682027,0.47534661167974807,0.24,0.694,0.997435885863113
801393.7914078,-0.1365,0.43402680681471795,0.5022642800193294,0.49,0.724,0.996925182018971
801393.9919994,-0.2904,0.46827037341162836,0.6134843052534914,1.04,0.663,0.9975441744446041
801394.1917505,-0.2715,0.48298560730147255,0.618750346105974,0.87,0.646,0.9975091924062498
801394.3918678,-0.2817,0.5013536875440946,0.642218557111297,0.81,0.641,0.996865990734047
801394.5919726,-0.2888,0.5686148172581775,0.7130109639173172,0.4,0.653,0.9961191176749998
801394.7916643,-0.3378,0.5418998323026668,0.7108113230281492,0.47,0.638,0.9961663548524787
801394.9917791,-0.2887,0.5088126511171182,0.6531625081678093,-0.15,0.647,0.9958946670625427
801395.1922112,-0.2907,0.5004514510061615,0.6457817978304307,-0.65,0.655,0.9958935178323239
801395.39186,-0.0492,0.4140395993797784,0.4386316989860617,-0.23,0.681,0.9942578795593457
801395.5920482,-0.4475,0.21012780940737252,0.43385617971809837,0.24,0.711,0.994873930470182
801395.7919363,-0.4511,0.2114448926840071,0.4370019804384897,0.19,0.726,0.9971064315655059
801395.9916398,-0.3193,0.21595934169593828,0.375629426236326,0.83,0.732,0.9963896784817231
801396.1921569,-0.1064,0.30531705957629807,0.35852240840206956,0.54,0.719,0.9965543114005486
801396.3920408,0.016,0.34565167406084857,0.3376314729862393,-0.06,0.721,0.9974093455172657
801396.5919433,0.0235,0.324733746900514,0.31296122749531236,0.54,0.719,0.9970326260206175
801396.7919066,-0.0603,0.23995038561275228,0.27011639266359366,0.57,0.681,0.9975144701205786
801396.9928915,-0.1529,0.2536383127418127,0.3300840321443395,-0.07,0.672,0.9973125786512499
801397.1922241,-0.1264,0.296405260713675,0.359628355437104,0.22,0.664,0.9955947370647829
801397.3916073,-0.2617,0.48532961764573856,0.6161581959228485,0.65,0.7,0.9961545784955562
801397.5917128,-0.281,0.522678863928557,0.6631777297836448,0.28,0.681,0.9969745620148017
801397.7919942,-0.2095,0.5523788937208932,0.6571174470323675,-0.06,0.696,0.996672472594906
801397.9920292,-0.238,0.6835657223161209,0.8025449633406763,0.53,0.673,0.9954032916073701
801398.1920681,-0.2771,0.8215940269541856,0.9601574435984405,0.48,0.673,0.9951183380107627
801398.3914869,-0.2544,0.7738096956781938,0.9010314550007329,0.3,0.625,0.9944438305431842
801398.5918129,-0.2586,0.6386220000497035,0.7679210091947488,0.37,0.659,0.9962114537161366
801398.7916899,-0.3012,0.45087244960309264,0.6014492937865478,0.4,0.655,0.996749603225265
801398.991908,-0.2731,0.3787453542951191,0.5153188785554456,0.68,0.65,0.9965734393138709
801399.1919575,-0.254,0.3193893673060213,0.44640001486169867,0.29,0.66,0.9973444129529295
801399.3915451,-0.304,0.2970594607609467,0.4490484418649075,0.89,0.61,0.9969385947511373
801399.5914392,-0.3201,0.23145388278372353,0.3914863920982394,0.91,0.638,0.9979438944936047
801399.7919677,-0.3533,0.26684127038394717,0.44347248555153257,0.42,0.652,0.9981989213023371
801399.9921298,-0.2175,0.3419985241835169,0.4507678317046647,0.5,0.66,0.9983717607819291
801400.1917048,-0.2285,0.3173649665687503,0.4315922598922198,0.74,0.667,0.9980353763958308
801400.3914291,-0.318,0.275798647538749,0.4348193001018508,0.22,0.675,0.9979251798309688
801400.5915449,-0.2236,0.3209975026451846,0.43281162929175326,-0.1,0.689,0.9975808414444587
801400.7915663,-0.3474,0.195336563397597,0.3690508031339903,0.48,0.714,0.9972039299302508
801400.9922565,-0.3418,0.22651992839614457,0.39742849824321663,-0.23,0.734,0.9978427423187675
801401.1919942,-0.3278,0.2792153630278734,0.44313642146654997,-0.15,0.717,0.996887970951254
801401.3919067,-0.2957,0.30743988847140635,0.4552866887447465,-0.12,0.725,0.9965145543912485
801401.5917888,-0.2473,0.3157454512238702,0.43940830909167705,-0.06,0.702,0.9970443006825812
801401.7919786,-0.2279,0.34726861059167424,0.4612022360561082,0.3,0.68,0.9964842402751126
801401.9920659,-0.259,0.3772110314371205,0.506690592953727,0.55,0.654,0.997501427486595
801402.1914794,-0.1428,0.39816995877832767,0.4695853451599292,1.17,0.719,0.9970675169770158
801402.3926445,-0.07,0.454901416419664,0.4898894142431714,0.7,0.734,0.9969842466781921
801402.591664,-0.1722,0.4089332473721191,0.495057235139508,0.15,0.739,0.9982675163339247
801402.7915649,-0.1375,0.47301396786276645,0.5417518582334692,0.89,0.756,0.9980362894226613
801402.9923004,-0.078,0.5581905830124325,0.5971774947704516,0.01,0.762,0.9984877799903202
801403.1916181,-0.0966,0.5094606016450367,0.5577453960449202,-0.24,0.744,0.997726039156366
801403.392225,-0.0569,0.5730107313820539,0.6014519615210071,-0.17,0.787,0.9973392836626488
801403.5918252,-0.1757,0.4078517682610613,0.4956842469264022,0.28,0.813,0.9982970134228653
801403.7920644,-0.1403,0.34689613432905725,0.41704151261303735,0.05,0.811,0.9974311236131662
801403.992216,-0.0211,0.4110305036415712,0.4215876443925649,-0.15,0.814,0.9966005597502107
801404.1917373,-0.1999,0.3444574668643479,0.44442460913515774,0.16,0.772,0.9962533034545741
801404.392508,-0.2317,0.4639958474491717,0.579833389723052,0.21,0.744,0.9955351263315438
801404.591665,-0.1998,0.4667573779155948,0.5666655494926967,0.21,0.691,0.9952235037050948
801404.7917204,-0.0722,0.3147190747906195,0.35082902929623105,0.05,0.679,0.9962922811686661
801404.9919425,-0.0086,0.3844722239784328,0.3887736802479977,0.04,0.65,0.9960599033457709
801405.1916999,0.0429,0.42280677573197384,0.4013617381215627,0.83,0.72,0.9973739848579763
801405.3919618,0.0063,0.38106214492014506,0.37792412522364377,0.85,0.715,0.9976778980584508
801405.5919191,0.13,0.5465831489118684,0.481596035573812,0.49,0.655,0.9977109087121453
801405.7919429,0.1227,0.5879315426274864,0.5265975748277311,0.26,0.647,0.9984412072670359
801405.9919793,0.0984,0.5957921665638352,0.546573769759516,0.36,0.637,0.998736002343299
801406.191875,0.1619,0.7319298876849499,0.6509550655543604,0.56,0.668,0.9986297955007986
801406.3921262,0.2078,0.878139457078713,0.7742452468791743,0.37,0.61,0.9986508135268859
801406.5922833,0.23,0.9161580971530489,0.8011411056878772,0.34,0.623,0.9984978713877547
801406.7920649,0.2059,0.6884036861933786,0.5854385717191543,1.12,0.625,0.9984222469839833
801406.9922957,0.1957,0.6076770208424702,0.5098470193112468,0.63,0.615,0.9986115889464472
801407.1914588,0.1839,0.5801758808172046,0.48824150139887146,0.07,0.609,0.99814294788134
801407.3915907,0.2113,0.5888159575174742,0.4831792540571118,0.06,0.602,0.9980267495215429
801407.5916661,0.1261,0.4013547692477397,0.33832399165360977,0.34,0.621,0.9976957426498723
801407.7921431,0.0608,0.3697729357284577,0.3393530058702705,-0.42,0.596,0.9978392950360676
801407.99207,-0.0436,0.3436656499007146,0.3654698895478537,-0.3,0.589,0.9972571865958504
801408.1917942,0.0758,0.3649936769600322,0.32708703323689897,0.03,0.525,0.9965692164189547
801408.3919857,-0.1149,0.35380117510955245,0.4112347027060759,0.13,0.524,0.9971535650119351
801408.5919475,-0.0995,0.394568744062851,0.44432092833956255,1.3,0.553,0.9973305701493113
801408.7919935,-0.054,0.3704380516372344,0.39743012685130413,1.7,0.585,0.9968443002728371
801408.9922825,-0.1236,0.3523386868950261,0.4141346003233142,0.85,0.551,0.9976034105756039
801409.1920155,-0.0297,0.30110535491754603,0.3159577612133107,0.19,0.545,0.9972931939184932
801409.3916831,0.037,0.3133906473055281,0.29488259449615517,1.0,0.541,0.9967638364464667
801409.5921494,0.0464,0.35813219636392307,0.3349312640302254,0.05,0.568,0.9978193446761386
801409.7915864,0.1116,0.4569137425140051,0.40112220016481376,-0.46,0.609,0.9975287869071026
801409.9920175,0.1684,0.5364597152950157,0.4522701293035213,-0.05,0.635,0.9976268700769677
801410.1920909,-0.1121,0.27905846020124825,0.3351138513227104,0.29,0.713,0.9980007772740228
801410.3917067,0.0109,0.305221492075881,0.29978919907393,0.43,0.722,0.9979576191440891
801410.591323,0.0897,0.3141016804088202,0.26924640460837,0.2,0.703,0.9979824575212856
801410.7915321,0.1625,0.3144442614839531,0.23320758243292442,0.01,0.696,0.9980066800819861
801410.9917968,0.2708,0.49838418884238816,0.3629988252516948,0.53,0.745,0.9977912593418168
801411.1919627,0.2822,0.4576010345784351,0.3164773384687744,0.73,0.781,0.9973039623857561
801411.3921605,0.2479,0.5187620985066043,0.3948137059890015,0.58,0.783,0.9974774376011124
801411.5913474,0.2762,0.5265410159664137,0.38844103765617966,0.29,0.763,0.9974900365698113
801411.7919766,0.2897,0.5322752895063964,0.38744853581672156,0.32,0.74,0.9975706051996179
801411.992181,0.2586,0.5174809030468499,0.38817510662428967,0.18,0.74,0.9975346774241632
801412.1914561,0.2882,0.5267110692181902,0.38258959587475894,0.18,0.736,0.9978370779828016
801412.3917864,0.2624,0.5152961191567081,0.3840760265106783,0.13,0.74,0.9982666440752178
801412.5917631,0.1502,0.46728646113980166,0.3921778833313883,0.22,0.751,0.9981527761847491
801412.7916331,0.0514,0.4164522800298405,0.3907445995281506,0.02,0.74,0.998073310105034
801412.9919795,-0.1144,0.3052833751392562,0.36250429434210246,-0.01,0.688,0.9972860604716819
801413.1921441,-0.1253,0.24207055197501878,0.30473532540458154,-0.03,0.7,0.9972998131193045
801413.3919193,-0.186,0.33806827567787084,0.43105513125232797,0.07,0.689,0.9976964419427168
801413.5926258,-0.1927,0.4726246072186592,0.5689753020923574,0.65,0.659,0.9971352499861521
801413.7919818,-0.1757,0.623768904506484,0.7116066923491726,0.15,0.679,0.9972506173456716
801413.9920096,-0.1484,0.567329297858825,0.641507552910215,0.48,0.721,0.9973259205861315
801414.192304,-0.0879,0.5384420135452728,0.5823828301497039,0.96,0.755,0.9971239367717702
801414.3917016,-0.0572,0.6080245721399913,0.6366120728443283,0.29,0.725,0.9972341411013201
801414.5919702,0.0605,0.4359615764962697,0.4057088165528546,0.11,0.739,0.9970839078009041
801414.7920697,0.2198,0.5361449372427841,0.4262689488410349,0.51,0.749,0.997278380575692
801414.9917595,0.2548,0.5802686063595637,0.4528556414212115,0.27,0.808,0.9974334194351188
801415.1918243,0.2301,0.6487639261890562,0.533707270860667,0.27,0.785,0.997698458971714
801415.3919392,0.2114,0.7379535799663687,0.632274290072709,0.34,0.775,0.9977222580376641
801415.5917715,0.1977,0.7460380042426347,0.6471645684281337,0.15,0.799,0.9973850761867715
801415.7919859,0.2277,0.8025697904142989,0.688717526979675,0.12,0.808,0.9980940759759739
801415.9920289,0.2435,0.9273963321139463,0.8056521845244566,0.18,0.808,0.9982185352653767
801416.1920412,0.2817,0.9640513929240846,0.8232020049738028,0.06,0.806,0.9979843680205032
801416.3913108,0.3213,1.05755711940317,0.8968943292930237,-0.01,0.794,0.9976590761470545
801416.5918284,0.327,1.2031448707275576,1.039630653814932,0.2,0.793,0.9966477657006055
801416.7917488,0.3343,1.1788037760895975,1.0116658135138534,0.14,0.788,0.9971940304910646
801416.9921317,0.3354,1.2180510733964942,1.0503454699340413,0.27,0.77,0.9973239747136302
801417.1918115,0.3546,1.2501673694954176,1.072865369610314,0.21,0.769,0.9971774019085405
801417.3917823,0.3758,1.2253603600805776,1.0374597288497498,0.15,0.789,0.9969946484711866
801417.5913973,0.4278,1.2685524367315875,1.0546692794869041,-0.08,0.796,0.9969812732151613
801417.7916402,0.4577,1.195192382679259,0.966364340537855,0.1,0.773,0.9966652976150877
801417.9918794,0.4967,1.0645990589373295,0.8162560713026757,0.08,0.785,0.9971733569902672
801418.1919811,0.498,1.0283029097962446,0.7792788865027142,-0.07,0.776,0.9976031857717297
801418.3922049,0.5194,1.0229881905836238,0.7632916897275648,0.43,0.778,0.997600198415742
801418.5918944,0.5347,1.326004913152915,1.058634935321438,0.37,0.8,0.9973328824498
801418.7920342,0.5465,1.6376404207146398,1.3643961580502264,0.37,0.783,0.9979515053840773
801418.9923995,0.5752,1.6758927043703684,1.3882972816048353,0.24,0.789,0.9985457403045456
801419.1918489,0.6011,1.6307912675749123,1.3302624577759914,0.63,0.776,0.9985157525807067
801419.3919412,0.6357,1.6072084639736348,1.2893546754060525,0.37,0.772,0.9988161543814854
801419.5919145,0.6506,1.5986932559886995,1.2734087203207112,0.16,0.787,0.9987812150585385
801419.7919502,0.6803,1.5971811734562915,1.257022729664832,0.25,0.803,0.9982914346206376
801419.9917707,0.7097,1.578868567910447,1.2240407135050486,0.19,0.768,0.998519227898282
801420.1922022,0.733,1.6276214747643614,1.2611034051934529,-0.07,0.776,0.9984896045041246
801420.3920334,0.7619,1.6602063364511437,1.279237416953504,-0.04,0.791,0.9979392787464839
801420.591691,0.7601,1.3850379521669687,1.0049876234149109,0.04,0.774,0.9971728324365474
801420.7915894,0.651,1.277001873442057,0.9514857501549144,0.43,0.743,0.9964641778377649
801420.9914805,0.68,1.3919249213867897,1.0519110144575692,0.12,0.734,0.9962718977993198
801421.1914904,0.7127,1.4667981636867662,1.1104669199291841,0.25,0.761,0.9969843926051498
801421.3921273,0.735,1.5012101395079742,1.133732850601075,0.15,0.767,0.9963975395989406
801421.59178,0.7018,1.5604422462244236,1.209536984314053,0.18,0.757,0.9961411094074938
801421.7923145,0.7246,1.5988507641629863,1.2365407424351393,0.1,0.757,0.9961408886293988
801421.9914709,0.8245,1.5232701758245626,1.1110124087524755,0.25,0.801,0.9958876390786406
801422.1917749,0.8488,1.4741205252666343,1.049726515429626,0.23,0.798,0.9974402880555204
801422.3919683,0.8143,1.3545399354534073,0.947390128906736,0.16,0.779,0.9978101919097709
801422.5917351,0.8067,1.2871731175539523,0.8838365221590214,0.44,0.766,0.997759795030575
801422.7922674,0.8134,1.0855327080544834,0.6788521987592036,0.24,0.792,0.9974065132682364
801422.9921135,0.7463,0.79498459440439,0.4218332964297225,0.23,0.794,0.9976817786761516
801423.1925321,0.6656,0.6763079061372139,0.3435105485131909,0.25,0.788,0.9983218268404779
801423.3919765,0.5382,0.5823030505812092,0.313211266028114,0.26,0.724,0.9979834226106798
801423.5918047,0.644,0.5457962270085417,0.22379053991221867,0.21,0.719,0.9973815198845537
801423.7931496,0.7027,0.6378168628659187,0.2864805424910941,0.47,0.687,0.9976305136697831
801423.9916402,0.3882,0.5316828207530316,0.33756461208814065,0.54,0.637,0.997905891844401
801424.1917788,0.0583,0.43965107016884847,0.41048708481419593,1.37,0.641,0.9983661444299813
801424.3919496,-0.0608,0.44653744269692774,0.4769351510092205,1.12,0.65,0.9984775122836633
801424.5916686,-0.0957,0.42590591238143444,0.473754590094118,0.46,0.653,0.9982826780438163
801424.7917345,0.0292,0.4457352381637166,0.43113402561589387,0.15,0.631,0.9983864966784025
801424.9915841,-0.0155,0.5002790841451143,0.5080200308053462,0.36,0.622,0.9987605470930765
801425.1916561,0.189,0.49269466014844027,0.39817868822787744,-0.51,0.617,0.998828595400117
801425.3915537,0.612,0.5624598086458485,0.25644330283628797,-0.69,0.679,0.9983187814614998
801425.5923339,0.5788,0.6114256609132548,0.3220278665543983,-0.03,0.68,0.9971292219482365
801425.7919633,0.2053,0.7682732370161511,0.6656034091722972,0.33,0.763,0.9953672357855311
801425.991536,0.201,0.8519828498263035,0.7514874540853496,0.66,0.756,0.994272103989436
801426.1919192,0.2709,0.7996532651277811,0.6642238244321642,0.11,0.754,0.9934812213738036
801426.3918938,0.4291,0.7139316333004245,0.49935773484803064,0.1,0.755,0.9928458526860805
801426.5916203,0.6901,0.7905959712196439,0.4455244177041578,0.14,0.781,0.9939377743962434
801426.7918976,0.6972,0.7608579612739573,0.4122716948825236,0.07,0.8,0.9943398386683818
801426.9921697,0.7721,0.7869491718057559,0.4008973424034965,0.2,0.798,0.9941164607879733
801427.1923364,0.7568,0.7960789495888412,0.41769753802123677,0.15,0.826,0.9957141489225622
801427.3914631,0.7883,0.8256378763602902,0.4314729958119702,0.1,0.814,0.9959033644957328
801427.5920079,0.8603,0.770681631753775,0.34054520619027534,0.26,0.812,0.9966617549871924
801427.7920517,0.8735,0.7156298227391549,0.2789047800896777,0.06,0.816,0.9973772175578313
801427.9919724,0.8575,0.7123677978695948,0.2835989467970994,0.06,0.809,0.9975886712285679
801428.1915978,0.8552,0.7999445526698433,0.37233223593568265,0.31,0.808,0.997571826854948
801428.391461,0.8001,0.8868738407448423,0.4868240507791522,0.43,0.799,0.9973696335598912
801428.591973,0.7325,0.7834678647758002,0.4172259133626221,0.04,0.763,0.9974562103216119
801428.7919394,0.8896,0.8233434972143581,0.3785256682913031,0.45,0.767,0.9973308028003983
801428.9913257,0.9584,0.9540777452982224,0.4748934357388897,0.41,0.771,0.9979994061619015
801429.1917816,0.9451,0.9868043208668689,0.5142473116914504,0.38,0.738,0.9980497728194204
801429.3918223,0.977,0.9696253953681158,0.4811169481211835,0.71,0.721,0.9977197703406047
801429.5913936,0.9605,1.0110118423240095,0.5307741673754214,0.09,0.707,0.9976908942409691
801429.7916486,1.0366,0.9491623046633558,0.4308778679690465,0.38,0.749,0.9981490656573168
801429.9914432,1.0448,1.0973896296907804,0.5750035259468984,0.72,0.776,0.9983747680399783
801430.1919028,1.0132,1.2012925948076416,0.6946863481133981,0.4,0.794,0.9986532483654464
801430.3915438,0.941,1.2213451854922819,0.7508356212646865,0.2,0.806,0.9985306563880874
801430.5919982,0.9619,1.1958370762710473,0.7148879106327198,0.6,0.754,0.998506031936659
801430.7920899,1.0178,1.1614501113442122,0.6525504732947333,0.44,0.737,0.9987440778641278
801430.9916021,0.9713,1.1271959552427273,0.6415271575426711,-0.05,0.666,0.9983041737044005
801431.1920556,0.9317,1.328434445012894,0.8625906880954175,0.32,0.698,0.9980354327067789
801431.3914544,0.9082,1.3092652922632058,0.8551602421765275,0.48,0.722,0.9981610010928221
801431.5919643,0.9406,1.2962540045872841,0.8259530102503247,0.61,0.731,0.9982224212202713
801431.7919668,0.9875,1.295500500404551,0.8017363982308385,0.8,0.699,0.9980905035513911
801431.9926606,0.9928,1.1356789203651736,0.6392710601605176,-0.14,0.698,0.9980257465968123
801432.191979,0.959,1.0320235014970496,0.5525404389948411,0.14,0.676,0.997292188540212
801432.3919324,1.0085,1.046605556065891,0.5423780637286565,-0.1,0.634,0.9971384922643004
801432.5922591,1.0325,1.1017235590011214,0.5854829054310529,-0.6,0.687,0.9976319731960224
801432.7919093,1.0059,1.0524250992090909,0.5494992112367183,-0.29,0.697,0.9975850288261022
801432.9919094,0.9797,0.9927099005272226,0.5028640746223796,0.25,0.79,0.9970058113750951
801433.1918303,0.5402,0.8143000015001458,0.5442056806558611,-0.05,0.764,0.9968164787323784
801433.391945,0.4643,0.7743927239022644,0.5422404265764755,0.27,0.736,0.9965603493700034
801433.5919754,0.2525,0.7184590044579986,0.5922144086386705,0.08,0.721,0.9970283647118671
801433.7914047,0.1546,0.75642933294323,0.6791237945285509,-0.19,0.704,0.9974067093855488
801433.9933585,0.2662,0.7091926945100634,0.5761092019944388,0.28,0.668,0.9975461047506323
801434.1922391,0.1471,0.884974187845771,0.8114061459736354,0.09,0.647,0.9976422612729048
801434.3916854,0.2751,0.7932414466848898,0.6557020527842289,0.77,0.662,0.9969892791932582
801434.5916808,0.1324,0.8712375374097063,0.8050551533589284,1.35,0.647,0.9969699867541475
801434.7917905,0.1036,0.9058572846226786,0.8540408061068719,0.95,0.651,0.9964510677683588
801434.9914849,0.2092,0.9173424930574585,0.8127316297974772,0.91,0.621,0.9960042529233686
801435.1916948,0.239,0.9612853074652071,0.8418080390147951,0.68,0.624,0.9961233285065499
801435.3918936,0.4758,1.0763727182184586,0.8384563370676059,0.61,0.637,0.9952498323838328
801435.5921196,0.8455,0.9463792592839373,0.5236135173175601,0.44,0.662,0.9954257116845916
801435.7916114,0.989,1.0078011891580723,0.5133056066184072,-0.02,0.679,0.9962983807763823
801435.9919188,0.9192,1.049563527830753,0.5899606612770824,0.51,0.715,0.9965701923781267
801436.1914611,0.918,1.0447408370635836,0.5857201928704768,0.72,0.734,0.9952761967816813
801436.391644,0.7728,1.126064177259635,0.7396841078540384,0.39,0.71,0.9963765441025106
801436.5915527,0.8433,1.0619040141378804,0.6402566582925915,0.08,0.712,0.9957242605981445
801436.7919335,0.9351,1.0652353728356592,0.5976745477417784,0.25,0.71,0.9951699631604611
801436.9924513,1.0649,1.0407525446728494,0.5083212662930447,-0.04,0.77,0.9972283328997389
801437.1919362,1.1925,0.9936274194253254,0.39735885929293485,-0.38,0.803,0.9957153335432057
801437.3919398,1.1136,0.8569388785417383,0.3001205089707079,0.49,0.782,0.9961039061434961
801437.5915863,0.8206,0.8218191443018462,0.4114963730321594,0.11,0.776,0.9972451632621637
801437.7927012,0.5387,0.5991377584932222,0.3297921064007622,0.13,0.792,0.9965245073695196
801437.9920243,0.5324,0.6221771526677634,0.35599282642627705,0.33,0.79,0.9974232276330842
801438.1919508,0.538,0.638846135466082,0.369865171365626,0.07,0.802,0.9981769357546068
801438.3916081,0.5657,0.6380997473727387,0.35524350559558343,0.22,0.806,0.997747285167237
801438.5921054,0.5413,0.6157038421003687,0.3450519479209426,0.23,0.79,0.9980952887776658
801438.7919618,0.3026,0.5810005411226237,0.42968976017784816,-0.09,0.771,0.998013455192302
801438.9914425,-0.0962,0.46222505378980755,0.5103310650190589,0.31,0.751,0.9979347754986853
801439.1919235,-0.317,0.45850698835813414,0.6169957077776484,0.4,0.75,0.998469964997396
801439.3917404,-0.1059,0.5322362383077469,0.5852035305368947,0.2,0.773,0.9982068978891231
801439.5915828,-0.0907,0.5168083739314775,0.5621399028029859,0.27,0.76,0.9981097129657012
801439.7914785,0.2677,0.7847707353477668,0.6509363171066425,0.43,0.717,0.9971879849875137
801439.9912785,0.3161,0.8464419970217764,0.688378068253379,0.03,0.718,0.9974418862233821
801440.1914709,0.4799,0.77785875209116,0.5378982973496496,0.11,0.702,0.9965225814916159
801440.3914493,0.992,0.8083705597951238,0.3123538667911683,0.12,0.714,0.9957514710081937
801440.5919045,1.0974,1.0713193222617836,0.5226338404157256,0.02,0.773,0.9959347343132219
801440.7916868,1.0671,1.3086913539565108,0.7751264204647292,0.83,0.808,0.9958717139054192
801440.9919499,1.0614,1.3974951552401988,0.8667895861384339,0.73,0.827,0.996826125170081
801441.1923745,0.959,1.603913519466735,1.1243947272518724,0.48,0.847,0.9968308636060746
801441.3919739,0.9467,1.6352652063709239,1.1619043117902528,0.27,0.863,0.9978336705334253
801441.5918215,0.9827,1.6620165805042812,1.17066087569016,0.17,0.856,0.998080558262661
801441.7918335,0.979,1.6343430084071373,1.1448540539850207,0.11,0.847,0.9981634081927212
801441.9933804,0.9939,1.6092798680740636,1.1123078862388958,0.04,0.846,0.9983061739755573
801442.1922263,1.0134,1.555534465600539,1.0488096515824687,-0.05,0.852,0.9977584234848287
801442.3921827,0.9927,1.464045935408441,0.9677153124100739,0.07,0.86,0.9973921546334021
801442.5919465,1.0669,1.3134223237441605,0.7799870230936247,0.2,0.845,0.9974350574622703
801442.7919249,1.0757,1.4159117012284168,0.8780428091648864,0.04,0.845,0.9967269207943199
801442.9920563,1.1556,1.5298013366984142,0.9520220651633859,0.41,0.832,0.996357560041939
801443.1923896,1.3001,1.5880854067138062,0.9380433803837752,0.25,0.789,0.9968151529562737
801443.3919618,1.3255,1.7046062585047834,1.041864225294589,0.24,0.778,0.9961308994033037
801443.5927336,1.292,1.845792869330406,1.199810662490386,0.18,0.798,0.9971164637030527
801443.7919769,1.2849,1.9542004757348255,1.3117560068169478,0.09,0.798,0.99775754935177
801443.9919686,1.3023,2.057339273921631,1.40621012732031,0.02,0.782,0.9978295215210936
801444.1922748,1.337,2.0970642218779476,1.4285445641785806,0.18,0.764,0.9982230055422686
801444.392325,1.3725,2.07603720363492,1.3897823053291618,0.17,0.757,0.9981235052421878
801444.5917526,1.4292,2.0024028901291313,1.2878232705851989,0.14,0.744,0.9982464722454815
801444.7917323,1.4995,1.8125306981402516,1.0627798990025192,0.34,0.718,0.9985713250669441
801444.991477,1.5115,1.670674481746601,0.9149311529229671,0.36,0.699,0.9987100605288304
801445.192205,1.5035,1.5133471807863923,0.7616123554733435,0.21,0.672,0.9985108168861534
801445.3921814,1.4913,1.4443029123477016,0.6986488458171843,0.37,0.68,0.9983590856363067
801445.5919849,1.535,1.299775808852927,0.5322835152570168,-0.02,0.642,0.9985043560269687
801445.7917907,1.5029,1.1816206670501204,0.43015918578047707,0.38,0.655,0.9983380314607634
801445.9918743,1.3394,1.0313642542103496,0.36165653357247435,0.05,0.668,0.9973766744190443
801446.191964,1.2913,1.0100282010554533,0.364378405813498,0.24,0.688,0.9965271871396616
801446.3919207,1.3311,1.0299463675439104,0.36438175701279873,0.09,0.716,0.9969710671921043
801446.5916865,1.5875,1.2259290934326752,0.43218934214400717,-0.07,0.781,0.9963036702150078
801446.7919781,1.5566,1.650105823133957,0.8717982653370447,0.0,0.814,0.9966289307262406
801446.9925647,1.5367,1.9422223539572088,1.1738669533511492,0.04,0.849,0.9971713786843385
801447.1914741,1.5249,2.002674675959927,1.2402076832166014,0.35,0.847,0.9969128281709646
801447.392256,1.5664,2.0003453256060104,1.217142602182852,0.43,0.834,0.9976970949821228
801447.5920776,1.5744,2.008815231252047,1.221608376784957,0.21,0.834,0.998091919514748
801447.7916633,1.5905,2.0297808627896394,1.2345165566521878,0.18,0.833,0.9980065950799164
801447.9918453,1.6105,2.038909481801693,1.2336350139647816,0.09,0.848,0.9983510293204385
801448.1922432,1.5813,2.045096090424817,1.2544307980294787,0.01,0.85,0.9983341895359946
801448.3921681,1.612,2.0591455134684855,1.2531379719273676,0.01,0.851,0.9977895106630869
801448.5928432,1.6618,1.8817334497147333,1.0508423422028879,-0.05,0.836,0.9975933285200286
801448.7916195,1.6766,1.5497183589956738,0.7114064641878051,0.18,0.809,0.9969989314747906
801448.991962,1.6375,1.2111565641132287,0.3923903968706805,0.46,0.767,0.9968177464631475
801449.1916045,1.582,1.115183064167111,0.32417043272687684,-0.01,0.754,0.9974960456005527
801449.3919427,1.6164,1.11876913913491,0.31056475092558233,0.53,0.772,0.9970443938515124
801449.5920305,1.584,1.1710846290442956,0.3790924405118334,0.56,0.766,0.9971692152003817
801449.7918022,1.697,1.2021135354922723,0.3536369926924089,0.03,0.762,0.9951199832027522
801449.9919353,1.6687,1.2061325247175478,0.37178093352228786,0.09,0.761,0.985938259439142
801450.1917269,1.6287,1.241118162034986,0.4267777007771744,0.54,0.723,0.9831247130471993
801450.3915677,1.6726,1.185459305099345,0.34914893822473275,0.29,0.69,0.9843582118955091
801450.5915054,1.7008,1.1723582379945654,0.3219448686426016,0.26,0.709,0.9819124958055362
801450.7914337,1.6259,1.1422355822225294,0.3292949990270726,0.34,0.7,0.9825538323986258
801450.99188,1.6449,1.1122123443689118,0.28976461613359694,0.52,0.718,0.9818686139338769
801451.1917052,1.6068,1.1001059340917831,0.2967141364117845,0.2,0.735,0.9849932777278169
801451.3931084,1.3155,0.9416111126431217,0.28384782424398014,0.12,0.729,0.9916551019140153
801451.5914627,1.0901,0.8632797991972654,0.3182260298509292,0.45,0.732,0.9966255631038164
801451.7914855,0.8111,0.7796738542482163,0.3741328973002157,0.11,0.718,0.9983454014033327
801451.9919062,0.6076,0.7961973504376425,0.4924065327259931,-0.07,0.718,0.9984240772096257
801452.1914523,0.7721,0.8875013913077986,0.5014568452077722,0.37,0.728,0.9978969557446058
801452.3917434,1.0101,1.0202907263680476,0.5152548045994484,0.03,0.742,0.9979960108062572
801452.5916417,1.2825,1.1043808228665408,0.4631366046400905,-0.3,0.7,0.9976003068068191
801452.7916301,1.3904,1.1344870030296124,0.43928728999269556,0.23,0.713,0.9962799085140444
801452.9920058,1.1585,1.2310908421725295,0.6518595354403913,0.6,0.675,0.9957860193372052
801453.1915227,1.4605,1.4171392545227732,0.6868980298289774,0.62,0.629,0.9956420787347678
801453.3920875,1.628,1.6013646370598325,0.7873756702140233,0.95,0.648,0.9956048058562539
801453.5919977,1.6856,1.6223821449529099,0.7795806548707763,0.85,0.647,0.9964182070205494
801453.7913322,1.8385,1.6331759104732342,0.7139029267738131,0.97,0.706,0.9962278874916528
801453.9920232,1.7808,1.6856468998139769,0.7952713834895309,0.81,0.746,0.9970967141087503
801454.1913321,1.7923,1.6696062928572357,0.7734555450193209,0.23,0.735,0.9979953986831017
801454.3918153,1.7951,1.6538675594200354,0.7563281641310055,0.4,0.742,0.9981411338283208
801454.5924928,1.6795,1.6500957298385703,0.8103570772568484,0.35,0.774,0.998269813039507
801454.7917573,1.5876,1.8220878779878042,1.0282827450711942,0.07,0.79,0.9984618745059898
801454.9922495,1.5921,1.8544444492065861,1.0584000079253089,0.04,0.789,0.9987018721178313
801455.1918991,1.5896,1.709265398789416,0.914444422471545,0.67,0.805,0.9988331024693579
801455.3915168,1.6032,1.660671881737488,0.8590766639686386,0.31,0.816,0.9986935250799441
801455.5918502,1.5697,1.5852160508648396,0.8003733491968454,-0.2,0.812,0.9987119933006902
801455.7919131,1.6042,1.4287194323691588,0.6266066842867233,0.43,0.785,0.9982363362631111
801455.9923015,1.8422,1.2862010703168019,0.36512098691429506,0.13,0.735,0.9983031202317378
801456.1922791,1.8385,1.2464454142096348,0.3271973893688666,-0.06,0.727,0.9983194924096862
801456.3920961,1.817,1.209751213583364,0.30122707051193626,0.08,0.723,0.9972997252020808
801456.5917615,1.925,1.1860458968044918,0.22353284684333682,0.51,0.759,0.9961412720098853
801456.7914542,1.353,1.0076209756205408,0.3311412421820327,0.4,0.684,0.9956384940484074
801456.9917019,1.0985,0.949558894054215,0.4002878611380109,0.55,0.691,0.9968948551544363
801457.1919871,0.9156,0.8318693555718107,0.3740942009459627,0.66,0.71,0.9967486953424967
801457.3920109,-0.0232,0.6081042562867207,0.6197182805830295,0.56,0.686,0.9969650294419925
801457.5922773,-0.0075,0.6660300351221136,0.6697588683310326,0.34,0.649,0.9976918508436913
801457.791502,-0.2186,0.6340763966839025,0.7433885363798135,0.47,0.62,0.997242009242287
801457.9921185,-0.4306,0.5235279714683305,0.7388512050589245,0.71,0.67,0.9979581670416345
801458.1918694,-0.3598,0.5038759426651321,0.6837587759261883,0.18,0.661,0.9985298984665404
801458.3917558,-0.3696,0.4914532593822365,0.6762495642343196,0.12,0.656,0.9984133122506973
801458.5916915,-0.2183,0.5254098336824351,0.6345792499012836,0.91,0.649,0.9984075136183952
801458.792596,-0.4743,0.47599075890355713,0.7131627125499221,0.22,0.657,0.9984794252110447
801458.9917552,-0.6479,0.457280948012051,0.7812288619852763,0.53,0.64,0.9983592492247658
801459.1920101,-0.7224,0.41238695235481276,0.7735802528157538,0.01,0.619,0.9984772763138139
801459.3919184,-0.6571,0.4127464546015866,0.7413009794613643,0.41,0.596,0.9985885977444144
801459.591903,-0.4703,0.5525158402167484,0.7876448666189219,0.19,0.666,0.9986099318391165
801459.7919726,-0.5238,0.4911812811627024,0.7531050479760805,0.11,0.7,0.998473565286069
801459.9918672,-0.7094,0.44227531899597994,0.7969898340737193,0.37,0.683,0.998690338953588
801460.1912965,-0.9169,0.357285566835755,0.8157415208786816,0.88,0.703,0.9982148418368744
801460.3915859,-1.0475,0.32924177719034375,0.8530084850267415,0.15,0.704,0.9983883863760309
801460.5914618,-1.1564,0.4238154252454085,1.0019979620348156,0.04,0.713,0.9984805682047859
801460.7917247,-1.1594,0.42246543213946586,1.0021829801339146,0.39,0.701,0.9979770186252782
801460.9922909,-1.167,0.41190929920779085,0.9954339533808633,-0.09,0.679,0.9983280283972819
801461.1921336,-1.2337,0.39869147224527596,1.0155307113272871,0.36,0.681,0.9979824170887783
801461.3919702,-1.1188,0.44471894664461664,1.0041434624314165,0.37,0.713,0.9977960561422252
801461.5921833,-1.3229,0.4303216446466244,1.0917813516322454,0.47,0.675,0.9980752777582268
801461.7916283,-1.3551,0.40433551422068714,1.0818723511637411,0.29,0.678,0.9977967273157619
801461.9919577,-1.3519,0.37137573423125836,1.047313559895175,0.03,0.656,0.9977163122464288
801462.1919957,-1.2547,0.33738012080697366,0.9647251706305451,-0.36,0.639,0.9974940981006386
801462.3916237,-1.2028,0.3428968500706897,0.9442881919943388,-0.58,0.611,0.9973430260133973
801462.5920598,-1.0891,0.3960011420244114,0.9405311907077932,0.26,0.58,0.9978864965865156
801462.7919135,-1.1183,0.3437980985725537,0.9029349516053216,0.45,0.613,0.9971381619977101
801462.9924483,-1.1024,0.3198544030932146,0.8710634391540728,0.87,0.629,0.9977384892749774
801463.1918137,-0.7427,0.32959283890077795,0.7009222298887797,0.79,0.662,0.9975544307297542
801463.3918521,-0.7699,0.34346493913323123,0.7284038290210665,0.72,0.637,0.997495119781024
801463.5915365,-0.6397,0.4099361812141502,0.729779893334033,0.29,0.622,0.99859711440469
801463.7920053,-0.5873,0.4159672222242958,0.7096185236079949,-0.03,0.631,0.9981269443146603
801463.992015,-0.306,0.586955920480401,0.7399397110857086,0.58,0.637,0.9979871959113069
801464.1914985,-0.4257,0.4824376907172976,0.6952893952945008,-0.34,0.577,0.998270402026254
801464.3921965,-0.522,0.38995532855823006,0.6509368560915156,-0.1,0.592,0.9977592163712073
801464.5926551,-0.758,0.3182520779264612,0.6972624463752015,0.61,0.563,0.9981679465252805
801464.7919587,-0.5717,0.41109351241307934,0.6969241103830178,0.22,0.549,0.9980449820177248
801464.9921551,-0.4746,0.486872782266597,0.7241500197063099,0.48,0.577,0.9975420900389227
801465.1916823,-0.852,0.3847790415339296,0.8107978660858377,0.86,0.544,0.9979627279499955
801465.3922074,-1.0928,0.2606548965691156,0.8070715901541528,0.83,0.54,0.9978271578748934
801465.5914849,-1.1517,0.23976301112202084,0.8156014772454137,0.28,0.576,0.9981251686999209
801465.7923714,-0.5765,0.47783319861311707,0.766092139411482,0.09,0.632,0.9982305129026202
801465.9915051,-0.7879,0.4140233886618115,0.8079591694263949,-0.35,0.613,0.9983068701387448
801466.1919415,-0.9022,0.34925593024780766,0.8003537241036697,-0.13,0.657,0.9987312446975478
801466.3916933,-0.7896,0.41954343910937675,0.8143441838159429,-0.07,0.652,0.9984954696925342
801466.5913496,-0.7667,0.4293557794945601,0.8127076938571512,-0.06,0.686,0.998441911988017
801466.7917081,-0.742,0.44198660826161656,0.8129789622063482,0.29,0.707,0.9983171219731928
801466.9919213,-0.8784,0.35214785818829303,0.791349374066217,0.62,0.692,0.998031894574739
801467.1921785,-0.801,0.3764054415205427,0.77691051844831,0.27,0.699,0.9983434694192256
801467.3920725,-0.6816,0.44326338198238263,0.7840763617753892,0.31,0.697,0.9980415264942747
801467.5917168,-0.6531,0.4477050101064303,0.7742379953727996,0.32,0.691,0.9973935438671365
801467.7920848,-0.0698,0.5387216468600489,0.5736079287399987,0.29,0.735,0.9968875092466366
801467.9920026,0.5101,0.6789832737314936,0.4239386526959583,0.76,0.758,0.9965917645815755
801468.1921276,0.684,0.7352606526670278,0.3932651916965186,0.03,0.774,0.9976280346478007
801468.3916983,0.9141,0.8893576983242335,0.4323261412207406,0.25,0.776,0.9968512751848947
801468.5914225,0.971,0.9436996768310225,0.4582203377168933,0.29,0.772,0.996800790648411
801468.7926853,1.0062,0.8897008791985404,0.38658532551408414,-0.17,0.777,0.996964941302697
801468.9923018,1.0007,0.8855858875669936,0.38523903675152305,0.36,0.784,0.9959776008862906
801469.1919302,1.0865,0.8550754848668215,0.311829814902111,0.07,0.774,0.9970308891579975
801469.3921118,1.1483,0.8557711077499233,0.28162758202675037,0.1,0.715,0.9964695471192643
801469.5912956,1.1582,0.8690293232889879,0.28994966214086254,0.59,0.705,0.9957475449714183
801469.7920738,0.7246,0.8498290891892553,0.4875489940731311,0.44,0.623,0.995564181645288
801469.9920708,0.4715,0.7827966932691434,0.5470516772072651,1.19,0.602,0.9961075757920977
801470.1919632,0.4452,0.6332850422128651,0.4106773466725579,0.58,0.623,0.9970213782599315
801470.3919559,-0.0937,0.4515849864718215,0.4984384521493244,0.34,0.633,0.9964775077686537
801470.5918434,-0.149,0.39077464093988196,0.46528988535193333,0.76,0.642,0.9978758298879695
801470.79155,0.2497,0.5211572472774306,0.3962851114312886,0.21,0.638,0.9981662900717561
801470.9922602,0.4211,0.5610304834716558,0.35046845444430763,0.0,0.655,0.9981710473661047
801471.1916465,0.5827,0.5870136617620397,0.2956411582523878,-0.25,0.676,0.9985415238559088
801471.3920364,0.8404,0.6464974719409284,0.22628415298914267,-0.04,0.75,0.9982074532069131
801471.5930349,1.0935,0.7857218264070766,0.23895902786950146,0.14,0.772,0.9984994242930456
801471.7917479,1.0577,0.7722284955745679,0.24336521701177904,-0.03,0.774,0.9984859157403265
801471.9914004,1.0239,0.783161841195089,0.27121292582763784,0.1,0.761,0.9978336825641395
801472.1917766,1.0956,0.8382234706992451,0.29044349530456015,0.23,0.765,0.9979760941990975
801472.3920154,0.9995,0.9419780012673787,0.4422505579669748,-0.25,0.77,0.9976363772077496
801472.5915981,1.0046,1.0307702755184087,0.5284656053704126,0.17,0.783,0.9976368747832117
801472.791501,0.9763,0.9499222596638822,0.4617809539579268,0.17,0.788,0.9979655793146179
801472.9924728,0.9226,0.9242817236482296,0.4630030054367065,-0.16,0.796,0.9976833197620191
801473.191568,0.8964,0.9420158067612543,0.49382355297601893,0.1,0.789,0.9974523041439404
801473.3919772,0.7632,1.0213891605345262,0.6397797836369932,0.32,0.745,0.9976954946478653
801473.5918174,0.7525,0.9026745833881684,0.5264173540891741,0.25,0.743,0.9979135736508711
801473.7917268,0.7372,0.8892903014839925,0.520669189783027,0.3,0.696,0.9978203356237645
801473.9917069,0.8908,0.9109204020173144,0.4655083543565073,0.59,0.723,0.9979552004524297
801474.1926177,0.7476,0.9050070888809509,0.5312147764313203,0.54,0.706,0.9980269375801251
801474.391978,0.6491,0.8804730878486021,0.5559234134780618,0.34,0.698,0.9981444286180207
801474.5920237,0.4597,0.8465196846843847,0.6166734675506065,0.67,0.683,0.9975019036387035
801474.7919522,0.4876,0.8754776762327324,0.6316967854181694,0.11,0.67,0.9970638784590493
801474.9920755,0.4866,0.8674499759882718,0.6241407011735927,0.11,0.676,0.9969590777974133
801475.1918969,0.4936,0.8374443445722776,0.5906539325758754,0.48,0.673,0.9966802458761236
801475.3920147,0.3816,0.7984747291873899,0.6076828797164945,-0.03,0.637,0.9969779358788675
801475.5914178,0.2045,0.8375851972198275,0.7353290645251757,0.2,0.626,0.9965439944124898
801475.7917669,0.0518,0.6989653115750525,0.6730823366974631,0.12,0.673,0.9962603347753902
801475.9916535,-0.3018,0.8945221171993413,1.0454416934857078,0.57,0.639,0.9972246407008809
801476.1917277,-0.2778,0.8927436201105764,1.0316286488217512,0.65,0.637,0.9976652404708892
801476.3917072,-0.4,0.8389604365956922,1.0389537729731297,0.38,0.617,0.9974765896863831
801476.5921207,-0.445,0.8797635757416871,1.1022808878289712,0.25,0.564,0.9975215686037684
801476.7921052,-0.4017,0.9659893870508817,1.1668491533634926,0.39,0.568,0.996642639617588
801476.9914099,-0.3881,0.8434199551865533,1.0374557819479233,0.08,0.587,0.9965693992078071
801477.1920835,-0.5586,0.6053269464136981,0.884649388119986,-0.17,0.653,0.9961300915268166
801477.3916882,-0.4642,0.5351732995763233,0.7672511387910662,0.48,0.679,0.9968404716782792
801477.5915413,-0.3616,0.5611471724311288,0.7419617081562432,0.4,0.678,0.9973531702465991
801477.792862,-0.2752,0.7536605183910856,0.8912636117568384,0.34,0.667,0.9970562065179607
801477.9921058,-0.3123,0.6760604508062535,0.8322027480555942,0.4,0.693,0.9970408170901767
801478.1915873,-0.369,0.49162356945765867,0.6761387041287595,0.1,0.682,0.996708113590841
801478.3920937,-0.3971,0.40629605089405363,0.6048532742774506,0.19,0.686,0.9974697332874757
801478.5917191,-0.3658,0.38269014923479105,0.5656009693638114,0.41,0.71,0.9977875632003376
801478.7918051,-0.0267,0.3728122943262301,0.3861750132366686,0.64,0.768,0.9974543844127312
801478.9919934,0.5025,0.5468768201502,0.29562905179806614,0.57,0.787,0.9972412405174084
801479.1920034,0.8296,0.6765295509591855,0.26172723094625105,0.12,0.765,0.9973256786907266
801479.3914799,0.9465,0.8703317255859749,0.3970716636157411,0.49,0.8,0.9977713040996878
801479.5918362,0.8784,1.1254999512228285,0.6862790927941144,0.37,0.816,0.9979905044333656
801479.7918675,0.8402,1.2537278309950375,0.8336243692673407,-0.12,0.817,0.998247130051398
801479.9917629,0.8568,1.343412601676993,0.9149960005550035,0.23,0.795,0.9982061463926367
801480.1913205,0.938,1.3696741362737606,0.9006693084083048,0.39,0.826,0.9976950322568695
801480.392543,0.912,1.466399767562058,1.010388875517716,0.1,0.785,0.9979560729608677
801480.5914223,0.9328,1.5411402356292172,1.074722950506394,0.17,0.787,0.9978832712043152
801480.7916823,0.9671,1.5268772742538759,1.0433421687324365,0.61,0.77,0.9981454192865977
801480.9914876,1.0416,1.4276732971807586,0.9068629164444632,0.36,0.75,0.9980949331397333
801481.1913811,1.0474,1.3929714327686824,0.8692712856793302,0.5,0.727,0.9977568107909176
801481.3915515,1.0283,1.258452038398327,0.7442914582635588,0.21,0.653,0.9965078366470705
801481.5916939,1.0631,1.172088847409906,0.6405151224205582,0.51,0.611,0.9963680874030834
801481.7914899,1.0885,1.24144491195462,0.697218264230838,0.01,0.63,0.9973681063751135
801481.9919682,1.1117,1.2177929185076035,0.6619285683165685,0.47,0.607,0.9959541352864436
801482.1915535,1.0863,1.2972116647179148,0.754085669360778,0.74,0.628,0.9969501908697528
801482.3917058,1.1275,1.4430310429891573,0.8792595786653853,0.94,0.652,0.9972441162244191
801482.5913415,1.156,1.4272011113774339,0.8492126858747585,0.61,0.656,0.9974179821237645
801482.7924521,1.151,1.3756743981818815,0.80015898656525,0.22,0.669,0.9982673520001996
801482.9917802,1.1307,1.441237478558946,0.8759097300058505,0.06,0.686,0.9983600367903714
801483.1914975,1.0913,1.5339574384142072,0.9883066254781294,-0.19,0.719,0.9986717188129094
801483.3917536,1.1317,1.6143323889986176,1.048493050804762,-0.32,0.75,0.998797850092363
801483.5930293,1.1733,1.5859151458278726,0.9992723986268947,-0.08,0.759,0.9988008873224372
801483.7916342,1.2149,1.477872916376921,0.8704205533287517,-0.2,0.751,0.9981951510087351
801483.991926,1.2522,1.6517446660320478,1.0256661274430632,0.03,0.827,0.9978320885668787
801484.1919651,1.2938,1.7111576516922824,1.064254487485293,0.24,0.813,0.9981408059701968
801484.3919438,1.2901,1.780489760410252,1.1354447312015108,0.2,0.813,0.9980701473341483
801484.5924923,1.3014,1.7712465310240106,1.1205498504247196,0.35,0.807,0.9980532483784043
801484.791783,1.3664,1.767642656412665,1.0844188356100242,0.41,0.799,0.998124992738334
801484.9920244,1.3782,1.723922791608798,1.0348473182918876,0.3,0.801,0.9978476558841669
801485.1917506,1.4349,1.629791456186607,0.9123236619177594,0.33,0.788,0.997895943949716
801485.3932269,1.3953,1.5887920583473911,0.8911494123333846,0.29,0.798,0.9986108836770159
801485.5914588,1.4069,1.523276688887268,0.8198098683918713,0.25,0.811,0.9982084406835309
801485.7918948,1.4242,1.5019106709723056,0.7898342166320509,0.14,0.78,0.9983013194564542
801485.9918915,1.4461,1.2037851435945979,0.4807514620824509,0.35,0.736,0.9983801067484568
801486.1918303,1.2862,0.9591734595030308,0.3160925812800831,0.47,0.668,0.9980351418837452
801486.3917987,0.1988,0.647909247360533,0.5485163408458131,0.47,0.593,0.9976219445842938
801486.5919114,0.6078,0.6820306800955709,0.3781243043213538,0.54,0.65,0.9978794352926538
801486.7920011,0.6515,0.7398970481960332,0.41415885896258015,0.51,0.659,0.9979696475703527
801486.9918837,0.8119,0.8446330236023701,0.43870270868989325,0.61,0.629,0.9974753188927353
801487.1919463,1.1313,0.9232665878236789,0.3576013601301213,0.48,0.669,0.9974457178983622
801487.3921753,1.1345,1.0302354594305754,0.46299896980513194,0.11,0.613,0.9971975469514681
801487.5918583,1.2682,1.1042307254459032,0.47013134005010043,0.18,0.602,0.9972848567276824
801487.7917021,1.2394,1.1735733072654166,0.5538620927535904,0.13,0.67,0.9968684466095779
801487.99172,1.2061,1.2226296703569315,0.6196037711009522,0.36,0.643,0.9975754346162071
801488.1919727,1.2873,1.1993524476229145,0.5557043267039299,0.06,0.73,0.9970009541939692
801488.3919819,1.2939,1.2394798110349294,0.5925210102667027,0.11,0.754,0.9942109993637445
801488.5921446,1.2235,1.2868193269206667,0.6750772895024209,0.17,0.763,0.9965511956132127
801488.7915786,1.3944,1.2945129239012403,0.5973166187696503,-0.16,0.75,0.9953676767393047
801488.9921258,1.4668,1.2245717566980767,0.4911501918596782,0.06,0.777,0.9956598532933122
801489.192325,1.4355,1.1563465985221846,0.43857676962190695,0.13,0.759,0.9971281128191329
801489.3920397,1.4199,1.1146710471184862,0.4047137087527643,0.25,0.767,0.996774247306534
801489.5919102,1.3085,0.9518403601696588,0.29759912142770223,0.35,0.787,0.9972324790899717
801489.7916927,1.2272,0.870414964436129,0.25681174088644343,0.14,0.774,0.9978934026659559
801489.9919308,1.1902,0.8617512212067797,0.2666332858320672,0.22,0.785,0.9978152554223442
801490.1919491,1.099,0.835065208572124,0.2855563548174696,0.38,0.739,0.9974972897303912
801490.3916107,0.9201,0.7613407672469313,0.30130382294300057,0.03,0.731,0.9976462428710934
801490.5926866,0.3462,0.6009416761686746,0.4278193503097286,0.48,0.694,0.9967942068708797
801490.7917978,-0.549,0.49518710163043805,0.7696703754662925,0.71,0.636,0.9961967431674214
801490.9918279,-0.6892,0.6406849913807536,0.9852991930206155,0.39,0.608,0.9967380404360386
801491.1919142,-0.545,0.9354725884321305,1.2079513354859421,0.49,0.524,0.9957939188625902
801491.3926998,-0.5138,0.808384657710288,1.0653049783346416,1.51,0.549,0.9952650365681578
801491.5919496,-0.1965,0.9889377784375443,1.0871967433537844,0.7,0.522,0.9962939621957835
801491.7919353,-0.0806,0.8092645697612664,0.849576077894262,0.2,0.608,0.996044517305694
801491.9915079,-0.1189,0.6515233627867174,0.7109859987773489,1.33,0.644,0.9964600426810275
801492.1915202,-0.1037,0.7659869812322143,0.8178564119428804,0.4,0.666,0.9975479288765418
801492.3919731,-0.0795,0.6400414699544238,0.6797911039946835,-0.42,0.695,0.9975556115086945
801492.5916335,-0.0961,0.5647685380347994,0.6128234532921674,0.25,0.695,0.9976011353103258
801492.7919318,0.0111,0.5524414812671007,0.5469053189429213,0.12,0.756,0.9979941637927774
801492.9915691,0.3372,0.5925080543589478,0.42391067821664236,0.12,0.769,0.9980746873393168
801493.1918897,0.7355,0.6403271299057081,0.27259315786938193,0.35,0.777,0.9982259371667223
801493.3915485,0.7247,0.6542166180262439,0.2918512356592316,0.4,0.745,0.9978254987068351
801493.5918803,0.887,0.7285839493514966,0.28510538905935034,0.22,0.775,0.9972847145869607
801493.7917214,0.8919,0.7248925573835623,0.2789329124206391,0.42,0.758,0.9970316193572485
801493.9914528,1.1442,0.8418001945439331,0.26970473526223876,0.84,0.78,0.997099255828187
801494.1917795,1.1752,0.8601202732711588,0.27251327821256266,0.36,0.794,0.9970800047165398
801494.3915348,1.3091,0.9664492385917532,0.31191632244916506,0.12,0.798,0.9972911492248506
801494.5917419,1.3713,1.1140748993212588,0.42843903170174796,0.36,0.805,0.9973875853200217
801494.7912766,1.4363,1.1417834810169334,0.4236312463711668,0.01,0.768,0.9972632525266348
801494.9920343,1.435,1.1781241076905686,0.46060747598927637,-0.13,0.769,0.9978466139937783
801495.1914934,1.4482,1.2683941481453962,0.5442805894088799,0.24,0.784,0.9971919105159139
801495.3919535,1.4579,1.2692245738158574,0.5402786427072409,0.47,0.799,0.9977036032894975
801495.5913799,1.4676,1.2267271126009904,0.4929421238786805,0.25,0.754,0.9972646200555414
801495.7919825,1.4632,1.2760717980781318,0.5444742526571296,0.21,0.743,0.9968485458306153
801495.9921182,1.4266,1.266466513846259,0.5531691113936417,0.3,0.737,0.9964549652110977
801496.1921173,1.3615,1.2775126135638675,0.5967714573577678,0.11,0.734,0.9951181787162799
801496.3919523,1.341,1.2279054128129474,0.5574069196562366,0.06,0.715,0.9959926870216285
801496.592748,1.1606,1.181648837535384,0.6013412507412741,0.1,0.685,0.9949938167774547
801496.7914626,1.217,1.220660976161396,0.6121577403736013,-0.07,0.731,0.994787083414499
801496.9921469,1.3512,1.2458023262603326,0.5702077384272425,0.2,0.756,0.9948500235212535
801497.1920001,1.4766,1.1948682571462077,0.4565679603766162,0.19,0.801,0.9948976183657331
801497.3921757,1.4253,1.2157483116484176,0.5031052460374363,0.3,0.796,0.9961793956969022
801497.591974,1.4648,1.2076065425442088,0.47518936442067816,0.49,0.786,0.9966701350676004
801497.7919793,1.4117,1.1482906151231935,0.44242297963175276,0.37,0.738,0.9954341447992888
801497.9919497,1.4106,1.0977046546417732,0.39238616431612433,0.22,0.74,0.9957736101786081
801498.1913013,1.5864,1.202178798619,0.4089929099775896,0.3,0.656,0.9956462051696937
801498.393358,1.5539,1.2178431988943614,0.44089232668792455,0.37,0.679,0.9964054864557539
801498.5917322,1.5305,1.2349918288943458,0.46971718074971924,0.85,0.696,0.9976242848031045
801498.7919739,1.5682,1.2447380000713857,0.4606237913195052,1.83,0.682,0.9969412361718287
801498.9920682,1.5611,1.181582695327221,0.4010144784272938,0.94,0.654,0.997061181945083
801499.1917282,1.3396,1.044671348618968,0.37484844632437736,0.24,0.568,0.9966983143651195
801499.3919697,1.3104,1.0153491414601734,0.360143832389672,0.71,0.559,0.9967203619726119
801499.5919436,1.2704,1.005778918071176,0.370584296128391,-0.19,0.566,0.9976424486284473
801499.7920979,1.4927,1.0011540007954574,0.2547994909195284,-0.31,0.646,0.9967919921955318
801499.9919803,1.5139,1.0285009705972605,0.2715472009585165,-0.22,0.705,0.9961590857161753
801500.1926411,1.5254,1.0491747976882386,0.2864912560904953,0.67,0.731,0.9958400254382935
801500.3917107,1.5998,1.14319249547107,0.34329920109565537,0.79,0.718,0.9954527501949604
801500.592081,1.6334,1.194180352759156,0.3774613011381167,0.47,0.733,0.9966138668367489
801500.7919597,1.4557,1.4111549210264038,0.683324575195217,0.23,0.8,0.9976656605152273
801500.9912811,1.4552,1.6454834435426715,0.9178751330619285,0.44,0.814,0.9979156993349598
801501.1922484,1.3759,1.9427853935317243,1.2548253494506894,0.07,0.853,0.9984784124091945
801501.3919731,1.4116,2.207867338236175,1.502083075089656,0.07,0.864,0.9988622065977251
801501.5920298,1.453,2.338387676388024,1.611910735724325,0.22,0.865,0.9989100154993013
801501.791979,1.4948,2.350531235145274,1.6031237548566235,0.1,0.873,0.9985437784121968
801501.991532,1.5027,2.3607081527664406,1.6093657616036383,0.09,0.88,0.9986945633379464
801502.1913418,1.5038,2.322006717386142,1.5700885987786846,0.03,0.885,0.9989688492071559
801502.3915046,1.5488,2.284044033701942,1.5096522204850045,0.03,0.896,0.9987398592498969
801502.5916388,1.5727,2.339145550831596,1.5528094208683851,0.02,0.896,0.9989105538365772
801502.7916617,1.7167,2.1463185638384457,1.2879925259338048,-0.06,0.884,0.9982501249480735
801502.9913378,1.7723,2.0021180284170996,1.115983119705122,0.04,0.89,0.9978809777566349
801503.1915903,1.8892,1.7507710197980793,0.8061924594022676,-0.03,0.85,0.9979858129115495
801503.3914956,1.7866,1.4611346955243751,0.5678591816564937,0.08,0.855,0.9980746017252377
801503.5918844,1.7206,1.2598857468088485,0.39960973316488996,0.08,0.841,0.9981883504301805
801503.7919039,1.7164,1.1901597619478583,0.3319586745359102,0.25,0.825,0.9979452819765648
801503.9921157,1.8082,1.1589265275893086,0.25482540998295533,0.4,0.812,0.9974962972561783
801504.1919221,1.8127,1.2436395067259027,0.33727284146547537,0.4,0.819,0.9979269110939812
801504.3917529,1.7681,1.2212349409582446,0.33716122717679203,0.33,0.756,0.9980927904703637
801504.5922406,1.5026,1.0672580168935042,0.3159788633647481,0.37,0.709,0.998070360644642
801504.7915791,1.3836,0.9630547824742377,0.2712557362242194,0.22,0.722,0.9987405643899651
801504.9917381,1.2242,0.8950168475873967,0.2829255699222787,0.72,0.727,0.9985153455586806
801505.192291,1.2547,0.9182488941514919,0.2909194869798935,0.61,0.727,0.9981422789049906
801505.3918177,1.1154,0.9595475167536042,0.40183132113442555,0.49,0.65,0.9983153737302298
801505.592176,0.9179,0.972872868247727,0.5139341577806947,0.85,0.653,0.9983133265434035
801505.791973,1.0205,0.9432112135990877,0.4329795993893604,0.67,0.701,0.9979873560517911
801505.9918854,1.3883,1.0185146762461825,0.32435739554383763,0.45,0.71,0.9981874231425937
801506.1925761,1.5131,1.0732177563400385,0.316681619600889,0.24,0.749,0.997934289958325
801506.3923457,1.3513,1.0420585052257798,0.36638541605199304,0.01,0.765,0.9972427794850717
801506.5914603,1.1426,1.0699591498552967,0.49864662942567944,0.13,0.783,0.9981812161385677
801506.7914506,1.1114,1.0442138125844163,0.4885239515061668,-0.12,0.791,0.9975683935037755
801506.9921773,0.9539,0.9656694355203442,0.4887094125681964,-0.21,0.776,0.9974439550593603
801507.192318,0.7816,0.8898777104757518,0.4990740445783509,-0.26,0.769,0.9978516602280657
801507.3919886,0.5765,0.8192816088943841,0.5310388658281737,0.14,0.795,0.9973487296832403
801507.5915009,0.4425,0.7651266784138434,0.5438833854354017,0.13,0.802,0.9976096451717447
801507.7925336,0.1886,0.693732431120904,0.5994493631790377,0.08,0.76,0.9974221941694201
801507.991447,-0.4188,0.514767492600811,0.7241908814080087,0.53,0.687,0.996443738548432
801508.1917349,-1.2485,0.516024249193905,1.1402892428795062,0.52,0.554,0.9972839765727501
801508.3914857,-1.3403,0.4892713988209563,1.1594291727298849,0.57,0.576,0.9973245473976554
801508.5913029,-1.2875,0.38858806643624655,1.032339499730253,1.75,0.639,0.9964918756892956
801508.7916476,1.1656,1.0592354071818546,0.47642458294022716,1.22,0.715,0.997346170188271
801508.9918722,1.4496,1.402483779368222,0.6776934428631252,0.86,0.734,0.9973792291196609
801509.1913474,1.4958,1.5964637473948182,0.8485719813840774,0.81,0.742,0.9970961482956252
801509.3920933,1.544,1.6310220819779493,0.8590385053143086,0.22,0.73,0.9975508763769084
801509.5919059,1.5286,1.6734907410373037,0.9092052950416011,-0.15,0.735,0.9973745606114335
801509.7918707,1.5303,1.7070916478730163,0.9419305750089952,-0.11,0.768,0.9971137555474702
801509.9919756,1.5837,1.729953597453132,0.9381262371510616,-0.02,0.799,0.9979212658979112
801510.1917235,1.6587,1.7412011895421953,0.911836630441641,0.07,0.862,0.9977997235512668
801510.3928029,1.6624,1.8175091482285137,0.986315499043033,-0.04,0.86,0.997100059534165
801510.5921947,1.7371,1.8149833609988024,0.9464401731162495,0.03,0.837,0.9975452686135559
801510.7920766,1.7221,1.460406691185741,0.599377483765367,-0.04,0.815,0.9980495341131687
801510.9923573,1.622,1.2322343210125324,0.42122220900988677,0.16,0.802,0.99807301003104
801511.1918957,1.329,1.0408084656885084,0.376322790534829,0.37,0.783,0.9980868721152482
801511.3921507,1.1778,0.9890952478565102,0.40021521795257414,0.16,0.789,0.9978011108062435
801511.5919436,1.1921,0.971123540904582,0.3750824300831403,0.01,0.758,0.9977069311138863
801511.7918262,1.2525,0.959166818247957,0.33292005704057404,0.24,0.763,0.9980623763359986
801511.991601,1.0208,0.936109448816357,0.42573069178094214,-0.05,0.766,0.9981708380417323
801512.1927365,0.9116,0.9288032617772948,0.4730045510116884,-0.03,0.753,0.9979290228922489
801512.3922774,0.6296,0.8641735646255302,0.5493623989339204,0.27,0.732,0.9967904553266325
801512.5917744,0.4997,0.8319956877903734,0.5821327268210674,0.15,0.737,0.9969058764227593
801512.792127,0.2241,0.7914843670647708,0.6794552389497512,0.13,0.721,0.9977998771198086
801512.9922287,0.1191,0.7873934379444664,0.7278584726093422,1.22,0.68,0.9978283357914111
801513.1921327,0.3209,0.7261584854252758,0.5657047170816255,0.67,0.687,0.9979789575031217
801513.3920429,0.7846,0.7712022543339493,0.378922557180533,0.54,0.716,0.9982197123454792
801513.5919828,0.7165,0.7472479478307619,0.38899208349159586,0.64,0.705,0.9983585220900584
801513.7920523,0.5928,0.70330100906952,0.4068915732882718,0.44,0.67,0.9984763495334208
801513.9920943,0.6216,0.6936788560230391,0.3828619292227823,0.02,0.661,0.9983454161730052
801514.1918397,0.9328,0.7921548805657507,0.32577224948793765,-0.14,0.684,0.9981098075988808
801514.391507,1.0436,0.8275153227602371,0.3057371203504406,0.31,0.679,0.9973227332899021
801514.5915811,0.9992,0.85634571329381,0.3567322816938128,0.13,0.665,0.9970558392384067
801514.7913769,0.948,0.8471339375786288,0.3731546462199269,-0.02,0.685,0.9968114705092197
801514.9918351,0.7554,0.7980671941092748,0.4203445723932442,0.45,0.697,0.9962696970413156
801515.1914838,0.462,0.7627576756145708,0.5317477720990315,0.01,0.688,0.9965889484191539
801515.391564,0.0551,0.7204071973395534,0.6928769131307212,-0.01,0.674,0.9962773055870302
801515.5921806,0.3659,0.7052016702616093,0.5222395992412759,-0.03,0.601,0.9965541977998201
801515.791327,0.7576,0.8428230504743119,0.4640281516353988,-0.02,0.617,0.9975516853243593
801515.9916728,1.3485,1.0340663001830084,0.3598200402598347,0.36,0.664,0.9981652833000265
801516.1914063,1.4806,1.054132723374682,0.31382126222946133,0.95,0.677,0.9979561208960747
801516.391597,1.457,1.0058240192932886,0.2773219776382309,0.68,0.7,0.998082307487982
801516.5922271,1.5528,1.0146276275275379,0.23822379832815127,0.18,0.716,0.9977643233562808
801516.7917076,1.434,1.0086393798682105,0.2916175984858869,0.57,0.716,0.9972434734471277
801516.9914627,1.4297,1.025840926988493,0.3109895432591466,0.1,0.721,0.9980134322593152
801517.1919613,1.5528,1.0580620715677422,0.28168420877291106,-0.43,0.74,0.9976443867387531
801517.391698,1.6065,1.0677703897766784,0.26453461188439786,-0.17,0.734,0.9974890182486897
801517.5920481,1.603,1.0291223172509243,0.22763511792250882,0.06,0.784,0.9976776285981707
801517.7920094,1.3972,0.9624635889206692,0.26385018430733265,0.03,0.803,0.99737837844594
801517.9916074,0.8527,0.8522134559618575,0.4258521543604767,0.18,0.791,0.9977115237029309
801518.192106,0.4047,0.7308491154837746,0.5284986389144682,0.16,0.77,0.9974805619345019
801518.3919405,0.2904,0.7379777602352832,0.5927883103203458,0.17,0.753,0.9974993518746925
801518.591756,-0.0571,0.672378449238345,0.7009382602177587,0.08,0.745,0.9970883443193531
801518.7916184,0.0629,0.7270930107334252,0.6956332694969795,0.18,0.763,0.9959500880477888
801518.9914317,0.0785,0.7299219633923828,0.6906639550209033,0.09,0.728,0.9969548593045623
801519.1920332,0.234,0.9398433765476663,0.8228343154634707,0.02,0.712,0.9969585753550962
801519.3927493,0.8391,0.9416263316641573,0.5220552098298826,0.22,0.736,0.9965477748025052
801519.5919182,1.0034,0.9598078896807962,0.4581260435313964,0.38,0.739,0.9969919617168498
801519.792122,1.2286,0.9949658121683718,0.38066975245190937,0.16,0.737,0.9973219988369619
801519.9915259,1.3267,0.991955697370482,0.32863017541588574,0.36,0.773,0.9968483891207814
801520.1917608,1.6802,1.1713535263657702,0.3312635660436674,0.58,0.812,0.9971684674615805
801520.3919598,1.715,1.1690138922968336,0.31151645739519607,0.37,0.811,0.9974202967411787
801520.5913631,1.6893,1.3343184797250847,0.4896826862619195,0.08,0.826,0.9974118333549475
801520.7914837,1.7597,1.3836445398876858,0.5038078501556602,0.34,0.813,0.9978969351210876
801520.9919608,1.7542,1.3794437878960375,0.5023355757763962,0.08,0.832,0.9981312219714407
801521.1916434,1.6429,1.3984462196887066,0.5770129153953155,0.02,0.817,0.9978390890142704
801521.3921295,1.5097,1.282732204706257,0.5278872659341266,0.22,0.808,0.9982239533439827
801521.5919444,1.5229,1.2628769978311807,0.5014234683480804,0.03,0.778,0.9987106365323789
801521.7918489,1.4543,1.2288436962250715,0.5016841979115556,0.25,0.78,0.9987612791915482
801521.9921404,1.3906,1.1661414005537436,0.4708588357222815,0.56,0.76,0.9985602504522695
801522.1917622,1.1582,0.9090947102816925,0.33001069484623896,0.37,0.709,0.9986879949829467
801522.3923588,1.2061,0.937841169052127,0.3347673667338909,0.32,0.703,0.9983097930671454
801522.5919896,0.5987,0.7012270058679215,0.401857674763604,0.02,0.667,0.9980790093336075
801522.7918166,0.4926,0.6638843480659432,0.4175612561979262,0.23,0.652,0.9982577611010807
801522.9919459,0.8427,0.7552322911768276,0.33390455866227275,-0.17,0.623,0.9968543178921702
801523.1914335,0.6399,0.7714475706160981,0.45148600624121593,-0.45,0.628,0.996820357076616
801523.3919759,0.5219,0.9785039833670752,0.7175392796943912,-0.21,0.568,0.9964010724406444
801523.5919025,0.548,1.0014916646642162,0.7275039201171991,0.47,0.644,0.9948593027136656
801523.7914446,0.6416,1.0892950472331775,0.7684849131941484,0.3,0.612,0.9954034787721813
801523.9926442,1.1598,1.2269849729316924,0.6470930320659516,0.51,0.626,0.9957764771144793
801524.1919934,1.4704,1.328531106313725,0.5933219597364515,0.69,0.678,0.9962784243911168
801524.3917744,1.487,1.3788919776419744,0.6353901981204707,0.61,0.692,0.9973704327840582
801524.5919143,1.6675,1.3003343808620196,0.4665791929603289,0.49,0.724,0.9976411675025633
801524.7919029,1.7439,1.2426364057775343,0.37066876007610794,0.17,0.737,0.9977490805670174
801524.9920264,1.7659,1.1858456719197241,0.302907880770873,0.06,0.772,0.9985977750845328
801525.1915979,1.7812,1.1678879667322064,0.2772847774889181,0.14,0.765,0.9985493820622311
801525.3916212,1.8136,1.2197853868072779,0.3130101686906048,0.14,0.793,0.9986714273964657
801525.5921582,1.8182,1.2290069518094167,0.3199319082319205,-0.09,0.798,0.9986713773191542
801525.7917453,1.7904,1.3805913415002102,0.485413717153265,-0.01,0.84,0.9983197989808505
801525.9917843,1.7529,1.3455899190779388,0.4691543816985604,0.13,0.846,0.9985174380317635
801526.1915199,1.8305,1.3617982809361198,0.4465440158248535,-0.0,0.832,0.9985342142615274
801526.3915959,1.825,1.5349617682778387,0.622461886233752,0.22,0.842,0.9977096105377833
801526.5918146,1.8516,1.6725834238493213,0.7467615865393682,0.16,0.849,0.9975720411622537
801526.7915942,1.8666,1.8788397961133358,0.945527985073143,0.09,0.844,0.9977072269050885
801526.9921388,1.8773,2.0533076066662015,1.114674121564126,0.2,0.829,0.9972717503174988
801527.1913142,1.8397,2.167434445597264,1.2475717381977847,0.07,0.839,0.9973286793373425
801527.3918332,1.8311,2.248265266908738,1.3326955230103492,0.13,0.845,0.9974350207754661
801527.5914704,1.8288,2.3592641597544866,1.4448804791110295,0.2,0.846,0.9977341949345423
801527.7919767,1.8514,2.425792998425085,1.5000838184713554,0.09,0.828,0.9977422340455059
801527.9919829,1.8571,2.4406914744247716,1.5121219304998654,0.15,0.849,0.9984169073911665
801528.1913342,1.8883,2.368283742888587,1.4241120975708599,0.03,0.836,0.9985140181116035
801528.3914263,1.9002,2.2491193729097607,1.2990024294890006,0.12,0.822,0.9984872525773596
801528.5917402,1.922,2.1622651099558174,1.2012781514440896,-0.01,0.819,0.9989723174150678
801528.7921447,1.9384,1.9723827636382796,1.003205745075865,-0.07,0.831,0.9988996738026297
801528.992246,1.9316,1.7599505131749626,0.7941500580891897,0.27,0.826,0.9984856304579048
801529.1931143,2.0011,1.6108172276375947,0.6102617884277238,0.13,0.827,0.9985142309950953
801529.3924771,2.1094,1.4785859743570455,0.4239000643506809,0.17,0.81,0.9983286066001522
801529.5920721,2.127,1.3401153244458262,0.276636718027262,0.39,0.796,0.9978367910269729
801529.7919154,1.8741,1.1058584142725587,0.16882208687899886,-0.01,0.805,0.9980232596402232
801529.9919612,1.8558,1.1669178951469874,0.23902234031998143,0.15,0.756,0.9972058274985224
801530.1920793,2.0261,1.5291639303313638,0.5161316743171185,0.14,0.811,0.9975683564721347
801530.3913299,2.0797,1.6706585570016292,0.6308243632322968,0.35,0.831,0.9982980396148572
801530.591548,2.0736,1.7858207810365367,0.749033825236504,0.56,0.841,0.9981549388537813
801530.7926114,2.1309,1.8143938335708616,0.7489344083278906,0.1,0.837,0.9983141966573126
801530.9928072,2.1158,1.8604426301315247,0.8025506532594432,0.13,0.825,0.9981343191527311
801531.1915767,2.1621,1.853391383992743,0.7723207423633275,0.07,0.773,0.9979897286527917
801531.3920754,2.1277,1.8605261882795232,0.7966821833751496,-0.07,0.766,0.9982358052187782
801531.5919073,2.1306,1.8663262636986602,0.8010470212698964,-0.05,0.763,0.9981878287873371
801531.7922229,2.1959,1.851203261505176,0.753242472376502,0.25,0.762,0.9974572708706799
801531.9919556,2.2821,1.762957280217766,0.6219090820075148,0.26,0.787,0.9970038662811436
801532.1919832,2.1885,1.4980924087933962,0.4038294275127047,0.31,0.727,0.996611880643152
801532.3921888,2.0874,1.3758754979550185,0.3321666058667662,0.4,0.697,0.9966344497336904
801532.5916365,1.8248,1.3230498781963456,0.410649937946696,0.27,0.675,0.9977485409081301
801532.7913599,2.0414,1.3684584071712638,0.3477693426043164,0.07,0.701,0.9975369615067481
801532.9961669,2.1983,1.404071473273849,0.30492094511827184,-0.04,0.724,0.9976614426940017
801533.1920885,2.2803,1.5875430648490818,0.4473870076229444,0.04,0.797,0.9982800995404929
801533.3919336,2.3166,1.7001834269966818,0.5418724983883254,0.09,0.804,0.9985080653914367
801533.5921199,2.2499,1.8755695287825132,0.7506189549424584,0.16,0.817,0.9986401965723108
801533.7919118,2.1828,1.8509832127285768,0.7595836741532253,0.25,0.829,0.9983704338492821
801533.9924072,1.8864,1.942917441459012,0.999700289013483,0.14,0.843,0.9986516458851021
801534.1918004,1.8145,1.960924857744796,1.053687711417673,0.32,0.826,0.9986956610847583
801534.3921492,1.8024,1.9420153332886345,1.0408392224010488,0.2,0.824,0.9986444160369192
801534.5919593,1.7491,1.9178477158574427,1.0432732512100933,0.11,0.808,0.9988455803099697
801534.7919771,1.7013,1.784143351790377,0.9334722380163918,0.25,0.803,0.9985763095280255
801534.9919256,1.6737,1.6298921181537842,0.7930243347820316,0.12,0.796,0.9987664109511913
801535.1919689,1.3377,1.3292774859009417,0.6604053530132179,0.11,0.768,0.9988653586031407
801535.3917266,0.7588,1.1109483603113428,0.7315539002926942,0.46,0.739,0.9983073822351276
801535.5920465,-1.0487,0.6178686214221073,1.1422236598680244,-0.46,0.653,0.9982982056363751
801535.7916861,-1.4365,0.5747656101960597,1.2930128605318516,0.3,0.588,0.997988418935863
801535.9923213,-2.0055,0.40995335972901176,1.4127121462020629,0.73,0.519,0.9977253787897941
801536.1919783,-2.0968,0.4691813474708116,1.5175896093797978,1.03,0.545,0.9976098763746746
801536.3921059,-2.1074,0.4900019963558812,1.5436880140304208,1.13,0.523,0.9971537967360673
801536.591546,-2.0667,0.5976498328282057,1.6309962804756946,0.25,0.526,0.9962675509503832
801536.7919477,-2.0128,0.5480029459922774,1.5543829757508336,0.08,0.536,0.9970806183670322
801536.9916715,-1.9942,0.5537683457096898,1.5508831819033964,-0.08,0.502,0.9972337797952048
801537.1917713,-1.8864,0.5016209480012401,1.444839907366572,-0.49,0.527,0.9970340936064781
801537.3915459,-1.8451,0.5552043412213447,1.4777388725144844,-0.17,0.512,0.997401920002225
801537.5919578,-1.7705,0.7087302392438768,1.5939662534201444,0.27,0.532,0.9963643528451188
801537.7919962,-1.7274,0.756052060405498,1.6197565200959145,0.56,0.552,0.996160538813585
801537.9914481,-1.6411,0.9015166550614865,1.7220551934148014,0.15,0.494,0.9966688721023956
801538.1920052,-1.6324,0.6939649429760824,1.5101606674028991,0.71,0.558,0.9965816057117839
801538.3919617,-1.6083,0.602667903946525,1.4068117336870618,0.96,0.564,0.9966545595147336
801538.5923949,-1.4169,0.5461384205931233,1.2545959857608904,0.73,0.612,0.996563020558966
801538.792023,-1.3738,0.5048514164981376,1.1917341935903776,0.23,0.631,0.9967779191742987
801538.9919148,-1.3034,0.4772241955499316,1.128944562625004,0.76,0.664,0.9977761390957087
801539.1919273,-1.3099,0.4640496699399175,1.118996090994407,0.59,0.686,0.9977151823367567
801539.3915543,-0.9946,0.5815486359597054,1.0788462818865563,0.12,0.691,0.9979292064140574
801539.5918021,-0.9842,0.563280431740326,1.0553657612916294,0.15,0.687,0.9982840035675322
801539.791323,-0.8445,0.6173652650903325,1.0396056144343162,0.54,0.712,0.9980546370379207
801539.9928638,-0.5341,0.7399971797613523,1.0070583529263688,0.15,0.741,0.9984457002707579
801540.1921094,-0.505,0.7528078003669062,1.0053112554868193,-0.05,0.726,0.9986250816349567
801540.3913369,-0.5727,0.7058729122461659,0.9922245221343664,0.32,0.722,0.9979507592457479
801540.5914338,-0.9088,0.45810381953386425,0.9125281033147654,0.32,0.71,0.9977627519743969
801540.7921071,-0.8671,0.44254439410549534,0.8761131608160784,-0.05,0.721,0.9983122929371075
801540.9922068,-0.7887,0.46733316530856417,0.8616828436548445,0.06,0.755,0.9976934393414143
801541.1919271,-0.9541,0.36787345865792553,0.8449111075985979,0.07,0.759,0.9976928135432631
801541.3919337,-1.2654,0.24172959770347868,0.8744090242037036,0.07,0.763,0.9973064948015381
801541.5919653,-1.1703,0.2534913857150735,0.8386581343933031,-0.19,0.779,0.9966903896425499
801541.792031,-1.1289,0.29956278178564133,0.8640160451266032,-0.1,0.777,0.9963646733278589
801541.9922256,-1.2749,0.31223050594357943,0.9496768436490955,0.12,0.768,0.9970400927770414
801542.1915424,-1.32,0.27784445819381387,0.9378458779491179,0.02,0.776,0.9969500422956147
801542.3919432,-1.2868,0.2591519281407875,0.9025581767088647,-0.06,0.794,0.9968035496871277
801542.5919557,-0.7387,0.5252927826939073,0.8946208409684572,0.17,0.804,0.9976617532294955
801542.7914612,-0.9507,0.48458849859808695,0.9599283025698936,0.23,0.792,0.9980305259308767
801542.9918127,-0.994,0.5041546778105572,1.0011332010771385,0.19,0.791,0.9985038047354724
801543.1916737,-0.9258,0.5026725722417202,0.9655539455767973,0.38,0.788,0.9984871165616858
801543.3922311,-0.9716,0.5116441225259856,0.9974460646062422,0.18,0.791,0.9984199103652117
801543.5920143,-1.0461,0.44275259494189806,0.9658017356532739,-0.1,0.782,0.9981965443572209
801543.7920848,-1.1559,0.3897709962144048,0.967729294558515,0.34,0.777,0.9978352020830775
801543.9922617,-1.1609,0.33513889641812505,0.915610046079095,-0.06,0.775,0.9974375041220094
801544.1918367,-1.3252,0.31957106846282196,0.9821647515266302,-0.37,0.731,0.9968793387805216
801544.3922206,-1.23,0.3990656044916848,1.0140725127979682,0.21,0.697,0.9961771293785322
801544.5916055,-1.2434,0.6098205344447604,1.2314982337975497,0.52,0.661,0.9959393311220367
801544.7915269,-1.115,0.6136677308869511,1.1711472663598608,0.23,0.58,0.9956441187600517
801544.9917019,-1.0311,0.7238618732212648,1.2394143395294106,0.92,0.561,0.9950592164545484
801545.1916662,-0.9805,0.7441828102514597,1.234408630706301,0.64,0.608,0.9961600037419346
801545.3914423,-0.9604,0.7340874769273544,1.2143031961950073,0.61,0.575,0.9956691567212645
801545.5913302,-0.9144,0.7068362017791229,1.1640285049844787,0.11,0.601,0.9954906046934884
801545.7913846,-0.8825,0.7287794446432437,1.1700437348774488,-0.05,0.616,0.9954406810652373
801545.9919885,-0.9069,0.5556814912666029,1.0091548358303366,0.19,0.576,0.9942894443886724
801546.1915494,-0.7816,0.25429525270249553,0.6450942836163414,-0.07,0.624,0.995666440812508
801546.3921281,-0.6397,0.2446732814216431,0.5645054659085569,0.52,0.526,0.9976231198527649
801546.591744,-0.5808,0.23822004926866405,0.5286274732256465,1.19,0.546,0.9978100523900324
801546.7919901,-0.6259,0.23411719120821053,0.5470820593146029,1.01,0.569,0.9981517513626571
801546.9919105,-0.5344,0.2546162218276344,0.5218011697738192,0.41,0.559,0.9983990326215795
801547.1918692,-0.4375,0.2784453510925211,0.4972095817786316,0.27,0.537,0.9979584448050386
801547.391904,-0.233,0.36858206463022936,0.4850929935145634,0.27,0.567,0.9983140660805456
801547.5916927,-0.1994,0.38949171732190596,0.4892148553558798,-0.04,0.564,0.9982578638667619
801547.7922893,-0.1908,0.38366450097941085,0.47904643365999433,-0.72,0.577,0.9974069080142736
801547.9919496,-0.4443,0.3215604619132116,0.5437005593172095,-0.42,0.546,0.9963302113149549
801548.1917127,-0.7235,0.35937948936371183,0.721144665894825,-0.37,0.523,0.995866535178226
801548.3927797,-0.633,0.3562712624888011,0.6727477687534219,0.01,0.714,0.9957814618269524
801548.5916011,-0.7625,0.3539024807747428,0.7351460877500113,0.29,0.668,0.9969155582573493
801548.7915039,-0.64,0.4415103087361873,0.7615010831591754,0.14,0.631,0.9974568829110306
801548.9914441,-0.5776,0.45959280733004476,0.7483970478081141,0.1,0.644,0.9972412092590891
801549.19181,-0.5445,0.5020729943125516,0.7743027402064739,0.47,0.629,0.9977487050447045
801549.3919726,-0.533,0.5003693648997838,0.7668576479221817,0.67,0.618,0.9980848811155861
801549.5918072,-0.3755,0.5854735285492132,0.7732245851313357,0.54,0.591,0.9982899045256644
801549.791791,-0.2888,0.6304057971929787,0.7748025821075936,0.77,0.594,0.9987032066234749
801549.9917944,-0.1826,0.6432545813231526,0.7345485318454849,0.8,0.627,0.9985033470497368
801550.1917767,-0.255,0.5876449825753195,0.7151610735963039,0.88,0.613,0.9982078170604941
801550.392032,-0.3459,0.5506664418168249,0.7236281102527289,0.48,0.521,0.9985964883399105
801550.5920794,-0.2401,0.5416226025308968,0.6616597584464008,-0.57,0.575,0.9980607399713892
801550.7920695,-0.2807,0.46378450121475706,0.6041321751679123,0.1,0.6,0.9983170664006854
801550.9928923,-0.2597,0.4340703433168454,0.563905341220124,-0.38,0.573,0.9981914040675969
801551.1919608,-0.0981,0.3922108977799098,0.4412826074014131,-0.03,0.629,0.997528634573849
801551.3920054,-0.0648,0.3892707857600298,0.4216845953334491,0.2,0.633,0.9975871123648761
801551.5919852,-0.1659,0.3739299903003859,0.45687923974599376,0.71,0.668,0.9971906159440951
801551.7919832,-0.2861,0.3543282562374772,0.49739860568672645,0.64,0.653,0.9969981092974581
801551.9920245,-0.3757,0.3536558379830353,0.5415278423748212,0.17,0.624,0.9970295533031608
801552.1922967,-0.3679,0.35734419961643804,0.5413172782494154,0.14,0.631,0.9966747089868675
801552.3917957,-0.3948,0.31759318910229456,0.514968506013505,0.07,0.676,0.9963878206069465
801552.5920619,-0.4387,0.30726716171249785,0.526638688571461,-0.04,0.662,0.9972699715732597
801552.7916583,-0.1955,0.3786817380948477,0.47645369666405496,-0.03,0.706,0.997710611817701
801552.991975,-0.251,0.39143148570108494,0.5169458219773211,0.19,0.736,0.9981794368516037
801553.1916773,-0.5995,0.3308591265609851,0.6306083116485542,0.64,0.703,0.9983213330440796
801553.3920435,-0.7525,0.2716218534856885,0.6478482179146328,0.01,0.737,0.9980068027040976
801553.5924644,-0.7924,0.2515520237268221,0.6477658123087977,0.31,0.732,0.998538148923929
801553.7914267,-0.7433,0.2267551963496455,0.5984025484577499,0.05,0.724,0.9983512438402498
801553.9918722,-0.7695,0.23201534783789166,0.6167439908497675,-0.16,0.7,0.9980144882319473
801554.1920203,-0.5297,0.23284915112343782,0.497686403609527,-0.03,0.751,0.9975929842585657
801554.3920202,-0.6041,0.17126867693982617,0.47333502339873146,0.26,0.788,0.9968337309887756
801554.5921276,-0.6279,0.18281197535870317,0.4967683903691924,0.27,0.782,0.9972945850523479
801554.7914308,-0.6094,0.35844529003849196,0.6631250216939222,0.58,0.77,0.9965649920625128
801554.9923146,-0.5454,0.3268841605654043,0.5995656436908472,0.34,0.775,0.9971469344478046
801555.1915257,-0.4651,0.32380363451873073,0.5563466869493695,0.01,0.792,0.9974989015828557
801555.3913505,-0.4198,0.3368129233094535,0.5467006155036652,0.24,0.786,0.9972886238686757
801555.5916555,-0.4291,0.30948623432866945,0.5240249282417178,0.02,0.725,0.9979447107458072
801555.792098,-0.5417,0.1731535281216696,0.4440033309567027,-0.11,0.723,0.9976377664460903
801555.9918315,-0.4009,0.17943838922917058,0.3798794279646371,0.24,0.755,0.9970431674160422
801556.1916584,-0.4637,0.37492491974414294,0.6067547617933139,0.49,0.696,0.997457229825341
801556.3914605,-0.5361,0.43597195165141595,0.7039985558516333,0.7,0.691,0.9969163254243824
801556.5914715,-0.512,0.45341684049633313,0.7093928981218313,0.37,0.663,0.9965838252006488
801556.7918239,-0.5252,0.412522479900675,0.6751304092598273,0.26,0.674,0.9967031233317653
801556.9919766,-0.5509,0.3733143133712937,0.6487575616976835,0.54,0.613,0.9966392639208832
801557.191968,-0.4871,0.31911290169507905,0.5626741141556272,-0.2,0.62,0.9976536677195632
801557.3919651,-0.4975,0.32821195178579377,0.5769696551993472,0.21,0.618,0.9983299623851984
801557.5923937,-0.3055,0.3688968770995095,0.5216520901063756,0.77,0.606,0.9981444915711791
801557.7920353,-0.3593,0.2893491754566906,0.46900343732180544,0.58,0.619,0.9981123880535016
801557.9919899,-0.3182,0.3085659835875187,0.4676415238646149,0.44,0.626,0.9985493388964422
801558.1919791,-0.1716,0.29578329723784236,0.38158719055136503,1.34,0.635,0.9983796631429248
801558.3919868,0.1179,0.3372380546359193,0.2782937623407408,0.61,0.651,0.9983240175999653
801558.5922047,0.0746,0.33901619429434926,0.30170390646772766,-0.27,0.648,0.9983714742757623
801558.7915876,0.0407,0.3707030463766576,0.3503625023740553,1.03,0.595,0.9969736500549629
801558.9919302,-0.0996,0.4435805596899061,0.4933677281330537,-0.17,0.59,0.9972031066594951
801559.1921141,-0.1403,0.7449912356453385,0.8151626162453853,-0.89,0.532,0.9920056786454178
801559.3920215,-0.0793,0.7806295557339005,0.8203042813000286,-0.07,0.55,0.9760169413478416
801559.5918746,-0.043,1.4303289411652496,1.451832060293334,0.42,0.615,0.974140378042274
801559.7920665,-0.0044,1.3892708768675999,1.391479726789776,0.45,0.575,0.9695048329593474
801559.9915458,-0.0206,1.4315522654256603,1.4418453879890936,0.84,0.552,0.9673778676453693
801560.1914778,-0.0471,1.4088840890967433,1.4324301517841747,1.07,0.562,0.9695827919850077
801560.3919954,-0.0617,1.5017781961661063,1.5326431557130968,0.74,0.501,0.9604665363128848
801560.5917863,-0.0174,1.488693003314442,1.4973727006343516,0.89,0.483,0.9749924503228127
801560.7918384,0.051,1.3359457290773369,1.3104438013978672,0.43,0.521,0.9894651627266101
801560.9919414,0.146,1.2844073375678104,1.2113880978600986,0.46,0.606,0.9950835637555966
801561.1913952,0.1656,1.246426312747932,1.1636233549253123,0.7,0.615,0.9965189810629866
801561.3920983,0.1745,1.2485994920370032,1.1613453206306932,0.81,0.591,0.9959814990405668
801561.5934501,0.1525,1.2688931568992174,1.1926191479796342,0.62,0.573,0.9954704817776702
801561.7923099,0.1415,1.3236584247662824,1.2529110712938751,0.45,0.574,0.9951396732318951
801561.992135,0.1728,1.415803166702791,1.3293992163654904,0.58,0.578,0.9940373896187262
801562.1914132,0.2194,1.4722982499641704,1.3626222718646448,0.05,0.563,0.9945406532889245
801562.3919697,0.2295,1.5238655871626263,1.4090926624009432,0.46,0.559,0.9946163269907946
801562.5921681,0.2281,1.3296088538557744,1.2155691264080655,0.72,0.574,0.9931922509001244
801562.7917904,0.167,1.3557829890785036,1.2723009730547115,0.33,0.53,0.9948335168351833
801562.9914426,0.1224,1.5208156236196586,1.4596180986466543,0.68,0.497,0.9949247412537646
801563.1916983,0.1219,1.3177191733250717,1.256771654672322,0.83,0.594,0.9945110063053137
801563.3920714,0.0556,1.1715346812238858,1.1437476218088565,0.47,0.63,0.9963980254740605
801563.5919437,0.0009,0.9844233632749749,0.9839495364683823,-0.07,0.638,0.9966104427174248
801563.7915587,0.0477,0.9786286706897653,0.954763579877666,0.17,0.601,0.9968473366798692
801563.9929075,0.0324,0.931625675148526,0.9154445692571921,0.7,0.581,0.9968307249499587
801564.1917719,-0.141,0.6388085131441663,0.7092871017686827,0.3,0.604,0.9958502532244927
801564.3914385,-0.2349,0.4903950338123797,0.607854111469686,0.48,0.626,0.9966540626433344
801564.5913084,-0.1276,0.5419344475174215,0.60575431976946,0.48,0.648,0.9978845482753801
801564.7919816,-0.1116,0.5234857483378509,0.5793007218365278,1.09,0.667,0.9971161510399109
801564.9914809,-0.136,0.4573198115408551,0.5253051800776081,0.26,0.667,0.9970591349982746
801565.1916179,-0.3496,0.2961078710745454,0.4708920221569828,-0.38,0.66,0.9973032300757891
801565.3918743,-0.4426,0.16478872577130776,0.3860945239542829,0.36,0.687,0.9973065208283207
801565.5922354,-0.3031,0.21345564677076773,0.365013972551904,-0.02,0.69,0.9982460472881454
801565.7920239,-0.3497,0.3019513490797674,0.47682297682495156,0.11,0.723,0.9980566528437321
801565.9914739,-0.3044,0.31788388405172113,0.4700930724700473,0.49,0.748,0.9973755443284819
801566.1917089,-0.1135,0.3463872197082448,0.40313822169802704,0.06,0.74,0.9976477481293158
801566.3927143,-0.0913,0.31405524218003544,0.3597143422513127,0.45,0.719,0.9974349625947073
801566.5916887,-0.1489,0.311784917244645,0.38624321316871213,0.29,0.724,0.9975203606733352
801566.7922751,-0.235,0.2819319683284705,0.3994523117045648,-0.23,0.737,0.9967731832023854
801566.9918178,-0.2753,0.3255939081736284,0.4632300893292995,0.12,0.751,0.996359084235782
801567.1916661,-0.2076,0.3176080416372765,0.4214144796671954,0.15,0.75,0.9968123222973355
801567.391929,-0.1184,0.33476587109800593,0.3939414062858086,0.08,0.725,0.9967437986509713
801567.5921168,-0.1217,0.3376768004553113,0.39854739079969725,0.05,0.738,0.9968224232299803
801567.7920564,-0.0543,0.4292495110991745,0.4563779067737649,0.27,0.753,0.9960855446477086
801567.9919736,-0.0878,0.3896978408117089,0.4335989784609653,0.24,0.77,0.9966410552522974
801568.1917966,-0.1076,0.406286707103271,0.46006666590091233,0.1,0.772,0.9972641220416008
801568.3919741,-0.0317,0.34000195656610716,0.3558738715592378,0.09,0.786,0.9970276618666998
801568.5923817,0.0179,0.35560756730755483,0.3466474004765318,-0.09,0.779,0.9970430609942311
801568.7918383,0.0383,0.3993569406060221,0.3802297585405305,-0.06,0.765,0.9964566384165248
801568.9922257,0.1371,0.36176761014534337,0.293227351529866,-0.01,0.726,0.9960552266946198
801569.1920786,0.2673,0.47233790826404176,0.3387054000775139,-0.03,0.719,0.9967751629058139
801569.3921168,0.1921,0.4608121465386853,0.3647663680541619,0.41,0.716,0.9965099991219802
801569.592032,0.1711,0.5241852148975924,0.43862354706952084,0.34,0.703,0.9948409702035348
801569.7919355,0.1884,0.6344002295057146,0.54021121343471,0.41,0.661,0.9952207371158289
801569.9913694,0.1725,0.5163760853783039,0.4301196705038994,0.7,0.675,0.9948409259494162
801570.1919811,0.0726,0.4197501857309027,0.38342976190849576,0.65,0.685,0.9951429288395283
801570.3917909,0.0462,0.47707408172279253,0.4539898051228691,0.52,0.685,0.99645633045641
801570.5919829,-0.2341,0.33882578503697536,0.4558548514182731,0.86,0.652,0.9957560067881462
801570.7919674,-0.2236,0.35923402116953757,0.4710582404724332,0.43,0.65,0.996208379351451
801570.9917359,-0.2533,0.40565706751765196,0.5322941007523827,0.03,0.655,0.9973881673510395
801571.1920251,-0.3146,0.3482150849990968,0.5055090348182685,0.55,0.652,0.9969363017236169
801571.3914642,-0.3296,0.3660605787939991,0.5308706653973498,0.82,0.673,0.9969935379089419
801571.5923417,-0.332,0.39625578166981995,0.5622654952168091,-0.05,0.696,0.9977384587396474
801571.7918998,-0.3759,0.40148991453191435,0.5894399469689882,0.62,0.718,0.9973920823842954
801571.9921257,-0.4075,0.38846792938410946,0.5922140089371899,0.68,0.722,0.9979465688688247
801572.1919514,-0.4029,0.39808487753610583,0.5995519629995419,-0.21,0.725,0.998097961777905
801572.3915269,-0.3777,0.4448860899600755,0.6337481357261042,0.22,0.731,0.9980510141010144
801572.5915912,-0.357,0.32957021678732634,0.5080788864602865,0.44,0.75,0.9980732311336702
801572.7919386,-0.3756,0.25274314145237664,0.44052727643569395,0.23,0.763,0.9981799554636968
801572.9919347,-0.3571,0.26783907536915846,0.4463885553234256,0.13,0.77,0.9982692207019208
801573.1919718,-0.3297,0.2409054478257657,0.40576041028092324,0.52,0.76,0.9980408486301144
801573.3920087,-0.322,0.1984268776227637,0.3594354286818723,0.31,0.76,0.998373818917094
801573.5914847,-0.2994,0.25390683258150964,0.40363130017550086,0.06,0.673,0.9982115449795821
801573.791969,-0.2271,0.3779539723826406,0.4915032026972888,0.5,0.655,0.9980228277789319
801573.9920332,-0.1917,0.3444268569002047,0.4402798540885908,0.53,0.647,0.9986294802811777
801574.1920943,-0.1526,0.31055766427104187,0.38684134390695346,1.22,0.638,0.9989803747232057
801574.391735,-0.1183,0.37425224181999267,0.4333899297253376,1.06,0.6,0.9988389650336733
801574.5917678,-0.1052,0.37587259466218426,0.42847987578894975,-0.01,0.591,0.9986614655472038
801574.7913541,-0.0589,0.3478144166864951,0.3772627406032675,0.55,0.555,0.9985608974675765
801574.992121,0.0222,0.3524384074550089,0.34131524164789545,0.32,0.473,0.9979062387758754
801575.191634,-0.0794,0.3397451110087021,0.3794239688832369,-0.37,0.529,0.9977832910837157
801575.391781,-0.0381,0.3998893138849165,0.41892645950612734,0.16,0.521,0.9977341516714348
801575.5914659,-0.0116,0.3372697272735383,0.34305590057492436,0.79,0.582,0.9972450417766405
801575.7921645,0.0692,0.4039054193571035,0.36930291353662503,0.85,0.588,0.9973594399288321
801575.9914355,-0.0397,0.3124931094536553,0.3323342156005209,0.95,0.586,0.9971831066694222
801576.1934001,-0.0673,0.2914769046245732,0.3251388839269022,0.49,0.579,0.9970313511067598
801576.3914928,-0.0883,0.31413041945503956,0.35827561094449717,0.76,0.544,0.9977044155670375
801576.5920354,-0.0111,0.3543728270000621,0.35994651436725056,0.09,0.508,0.9976696976186874
801576.7921955,-0.0074,0.41844484940337273,0.4221377506038907,0.47,0.531,0.9980911883140446
801576.991466,-0.0236,0.45710902434126366,0.4689157486489996,0.53,0.586,0.997874166537417
801577.1924096,0.0395,0.48148832940712505,0.4617250754438255,0.86,0.546,0.9970081631352591
801577.3914888,0.0463,0.46451256246275735,0.44135529322322176,0.09,0.519,0.9981967735930788
801577.5912662,0.0306,0.438961452137098,0.4236826870244196,0.62,0.557,0.9975521434727102
801577.7919542,0.025,0.4189690049138583,0.406486985098668,1.14,0.536,0.9976063996438695
801577.9923069,0.1651,0.4016818694417747,0.31915502854318717,0.23,0.558,0.9982119644417029
801578.1919578,0.1973,0.40090490522699884,0.30223158056077104,0.41,0.544,0.9970236443169652
801578.3914327,0.1509,0.3290590175072671,0.2535990691175056,0.69,0.598,0.9974682548707544
801578.5920913,0.0593,0.3620057187557271,0.33237611255194904,0.09,0.665,0.9977326060303678
801578.7931424,-0.0175,0.3061202013184905,0.31488368734404065,0.18,0.682,0.996844660744949
801578.9919762,-0.1052,0.3003276217412727,0.3529056585974523,0.09,0.673,0.9970059408165561
801579.1914539,-0.107,0.3911744275759764,0.4446935192623647,-0.15,0.677,0.9969008515826585
801579.3918128,-0.1095,0.38554538541451505,0.4402867878654688,0.25,0.685,0.9971036969297657
801579.592084,-0.1513,0.2996600327241763,0.3753323141264049,0.94,0.665,0.9975708136977932
801579.7922843,-0.1669,0.2108928300227494,0.2943191126878329,0.7,0.66,0.9974678153555516
801579.9916199,-0.1698,0.4494037782901741,0.5343119459089919,0.54,0.682,0.9968761215610896
801580.1918423,-0.1332,0.447439599113448,0.5140323881260921,0.54,0.682,0.9975404227636084
801580.3923108,-0.1157,0.4359836874484471,0.493856090582832,0.3,0.697,0.9977473986861664
801580.5922532,-0.1187,0.4372636643962984,0.4966125487484244,0.14,0.701,0.9980446739199793
801580.7915289,-0.1109,0.5238773315538209,0.5793135946143679,-0.43,0.708,0.9980838013484341
801580.9917213,-0.0727,0.4719078533361049,0.5082482519156651,0.1,0.732,0.9976573846223157
801581.1917409,-0.0707,0.42099612715301904,0.45634040895673816,0.29,0.75,0.9981472187267506
801581.3919572,-0.0924,0.5551972845584269,0.6013807318401384,-0.07,0.742,0.9980654139467111
801581.5918699,-0.0802,0.5251526539171948,0.5652558295557141,0.04,0.757,0.9982057757774577
801581.7914959,-0.0767,0.5162087690539235,0.5545599104882893,0.13,0.757,0.998361597928125
801581.9916599,-0.0884,0.3040578296700431,0.34828047742786256,0.38,0.746,0.9977511792337768
801582.1921271,-0.0743,0.2854703784028656,0.32263882174569153,0.52,0.745,0.9975418635943988
801582.3915139,-0.0343,0.33863300805496827,0.3557871446125862,-0.21,0.758,0.9975367072483092
801582.5918626,0.0194,0.38571856898417417,0.37599994975698026,0.59,0.721,0.9971571818516287
801582.7913421,0.0291,0.3585944063671278,0.34403764097693385,0.24,0.685,0.9972505550588178
801582.992007,-0.0159,0.3541560717381266,0.362113033328397,-0.33,0.644,0.9972756128401942
801583.1920376,0.0152,0.43867378184469696,0.43108968744726195,0.11,0.642,0.9960266324994109
801583.3919429,0.0443,0.38974472253099623,0.36757014008292344,0.49,0.619,0.9968399862283429
801583.5916154,0.0232,0.3513828162710301,0.3397677200123486,0.61,0.6,0.9976752165920194
801583.7915099,0.0211,0.39892469558513244,0.388360924954146,0.83,0.554,0.99721820575784
801583.9923517,0.0043,0.4569377187117756,0.4547976853620389,0.41,0.544,0.9971912705402137
801584.1917036,0.0037,0.5483949092488788,0.5465559781238745,0.86,0.527,0.9967064173199865
801584.3919762,0.0043,0.5013114353331347,0.49916136895147273,0.43,0.525,0.9965686351206632
801584.5919871,-0.0001,0.47073345684477613,0.47076098788916976,0.29,0.511,0.9968887471400969
801584.792254,0.0307,0.4355122062038891,0.42016736492476603,0.37,0.459,0.9962936266196043
801584.9918533,0.0436,0.6694702982209588,0.6476946894998119,0.42,0.52,0.9954706128307833
801585.1919671,0.0428,0.652396276974064,0.630996005227113,0.23,0.532,0.9964020292088809
801585.3914594,0.0666,0.7321395324299037,0.6988365068444937,0.82,0.575,0.9973784198110556
801585.591913,0.0778,0.7481930745899877,0.7092868598928906,0.75,0.578,0.994762017791008
801585.7914644,0.073,0.6691199220760976,0.6326216251309399,0.47,0.589,0.9897431214287734
801585.9914792,0.0619,0.5046799060292015,0.4737534258029171,0.47,0.612,0.9902214616969685
